User_id,User_first_name,User_last_name,User_email
257923,Catherine,Elliott,Catherine.Elliott@conway.com
852805,Leah,Franklin,Leah.Franklin@finley.com
843498,Philip,Reyes,Philip.Reyes@gonzales-long.org
876782,Brandi,Ward,Brandi.Ward@clark.com
653735,Rachel,Clark,Rachel.Clark@rogers.com
483648,Barbara,Singleton,Barbara.Singleton@dalton.org
915062,Drew,Ryan,Drew.Ryan@morrison.com
366018,Sergio,Clark,Sergio.Clark@snyder.com
639673,Dale,Lewis,Dale.Lewis@reyes-johnson.info
333086,Christopher,Garcia,Christopher.Garcia@diaz.com
199419,Angela,Gregory,Angela.Gregory@reeves.com
100525,Joseph,Mathews,Joseph.Mathews@miller.info
939758,Troy,Rios,Troy.Rios@allen.com
497095,Frank,Jones,Frank.Jones@chang-patterson.com
817708,Robert,Vance,Robert.Vance@perez.info
426210,Kendra,Hill,Kendra.Hill@frye.org
273000,Allison,Johnson,Allison.Johnson@shaw.net
878230,Abigail,Thompson,Abigail.Thompson@sanchez.org
306156,Valerie,Martin,Valerie.Martin@butler.org
124952,Angela,James,Angela.James@diaz-parrish.org
724837,Shannon,Johnson,Shannon.Johnson@mills.com
685933,Brian,Palmer,Brian.Palmer@mcdonald-simon.com
88020,Richard,Ross,Richard.Ross@williamson-gibbs.biz
525866,Misty,Powell,Misty.Powell@hansen.com
83761,Julie,Frank,Julie.Frank@odom.net
500424,Michael,Jones,Michael.Jones@patrick.net
43731,Rebecca,Glenn,Rebecca.Glenn@burgess.com
926030,Kim,Harris,Kim.Harris@deleon.com
248448,Rodney,Byrd,Rodney.Byrd@wall.com
599439,Phillip,Galvan,Phillip.Galvan@hebert-mills.com
567153,Lynn,Lopez,Lynn.Lopez@brown.com
333132,Hannah,Mcgee,Hannah.Mcgee@lee.org
335908,Margaret,Riggs,Margaret.Riggs@marsh.com
728455,Courtney,Garrett,Courtney.Garrett@rodgers.com
946903,Jessica,Mcintyre,Jessica.Mcintyre@stevenson-daniels.com
97846,Christopher,Smith,Christopher.Smith@stevenson.info
106039,Isaiah,Obrien,Isaiah.Obrien@brown.com
242373,Kathryn,Stevens,Kathryn.Stevens@white.biz
720636,Jordan,Wilson,Jordan.Wilson@byrd.biz
599409,Stephanie,Gray,Stephanie.Gray@wright.com
509641,Charles,Haney,Charles.Haney@berg.net
333169,Stephanie,Lang,Stephanie.Lang@guzman.info
821606,Nicholas,Ramirez,Nicholas.Ramirez@shields.com
437457,Peter,Foster,Peter.Foster@martin.org
469652,Brian,Hammond,Brian.Hammond@smith.biz
288614,Christopher,Kelly,Christopher.Kelly@ritter.biz
105862,Sabrina,Higgins,Sabrina.Higgins@smith-tucker.com
9120,Lori,Mcclure,Lori.Mcclure@perry.com
41802,John,Donovan,John.Donovan@fleming-wall.biz
854258,Craig,Bell,Craig.Bell@mendoza.com
597341,Kayla,Johnson,Kayla.Johnson@green.net
107627,Christopher,Anderson,Christopher.Anderson@little-ferguson.biz
36264,Karen,Clayton,Karen.Clayton@owens.com
124342,Stephen,Roy,Stephen.Roy@schroeder.com
545332,Amanda,Fletcher,Amanda.Fletcher@lee-martin.org
290177,Melissa,Reeves,Melissa.Reeves@miles.org
77064,Lisa,Graves,Lisa.Graves@cross.com
654261,Jill,Lee,Jill.Lee@walker-chang.info
499595,Crystal,Davis,Crystal.Davis@quinn-hicks.com
200159,David,Roberts,David.Roberts@norman-moore.biz
166973,Reginald,Harrison,Reginald.Harrison@kemp.com
733773,Dennis,Barnes,Dennis.Barnes@mcneil.com
930559,Katherine,Freeman,Katherine.Freeman@joseph-fitzpatrick.com
942363,Denise,Crane,Denise.Crane@phillips.com
220188,Juan,Valentine,Juan.Valentine@mann.com
654725,Ryan,Johnson,Ryan.Johnson@kidd-hicks.com
468269,Michelle,Christian,Michelle.Christian@mcfarland.com
394268,Gabriel,Hubbard,Gabriel.Hubbard@wells.net
872072,Jean,Figueroa,Jean.Figueroa@smith-johnson.org
343084,Robert,Roth,Robert.Roth@hall.com
542410,James,Thomas,James.Thomas@gross.com
686744,Brett,Anderson,Brett.Anderson@fisher.com
425937,Andrea,White,Andrea.White@thompson.com
196251,Jacob,Allen,Jacob.Allen@barker.info
159846,Dennis,Kennedy,Dennis.Kennedy@phillips-vargas.biz
417259,Todd,Johnson,Todd.Johnson@garrett-wagner.net
483367,Lauren,Williams,Lauren.Williams@scott.biz
183872,Devin,Martinez,Devin.Martinez@stewart-martinez.com
424353,Brian,Carroll,Brian.Carroll@carpenter.com
510166,Rebecca,Johnson,Rebecca.Johnson@flores.com
354159,Lisa,Smith,Lisa.Smith@merritt.com
240603,William,Hall,William.Hall@lewis-moody.com
823699,Amy,Whitehead,Amy.Whitehead@thompson.biz
488730,Jennifer,Mccullough,Jennifer.Mccullough@thompson.com
13794,Jeremy,Barker,Jeremy.Barker@hayes-lopez.com
391362,William,Dean,William.Dean@lawson-cobb.com
236416,Carrie,Johnson,Carrie.Johnson@burnett.com
696830,Brooke,Maynard,Brooke.Maynard@peters.net
1559,Mackenzie,Thomas,Mackenzie.Thomas@mejia.com
119628,Nicole,Barber,Nicole.Barber@bell.net
958104,Debra,Henry,Debra.Henry@smith.com
523652,Thomas,Barajas,Thomas.Barajas@allen.org
680410,Elaine,Collins,Elaine.Collins@huynh.net
618557,Michael,Anderson,Michael.Anderson@nelson.com
207609,Nicholas,Stone,Nicholas.Stone@ross.com
964324,Linda,Waters,Linda.Waters@mcbride.net
478741,Alyssa,Reed,Alyssa.Reed@key-berry.com
911288,Nicole,Gomez,Nicole.Gomez@lopez.com
6073,Jason,Moss,Jason.Moss@walls.com
209415,Lisa,Brandt,Lisa.Brandt@riley-rodriguez.com
748210,John,Bernard,John.Bernard@cruz.com
22550,Morgan,Rush,Morgan.Rush@powell-cole.com
609788,Penny,Fisher,Penny.Fisher@hart.com
673862,Jasmine,Floyd,Jasmine.Floyd@sherman.info
780571,Eric,Mason,Eric.Mason@owens-foley.org
247430,Melissa,Diaz,Melissa.Diaz@stark-bush.com
85348,Kent,Brown,Kent.Brown@mora.net
258325,Justin,Gonzalez,Justin.Gonzalez@liu.com
846146,Tanya,Andrews,Tanya.Andrews@pierce.info
511490,Scott,Price,Scott.Price@cunningham-butler.org
263045,Zachary,Martinez,Zachary.Martinez@webster-clark.net
276824,Michael,Martinez,Michael.Martinez@ward.com
124997,Ana,Anderson,Ana.Anderson@atkinson.com
798352,Christina,Cobb,Christina.Cobb@harris-yang.com
432204,Ruben,Vega,Ruben.Vega@lindsey-martin.org
681843,Carol,Mccarthy,Carol.Mccarthy@delgado.com
967263,Toni,Nelson,Toni.Nelson@ross-roberts.com
205512,Lauren,Hill,Lauren.Hill@anderson.com
522895,James,Gonzalez,James.Gonzalez@thomas.org
318884,Donald,Williams,Donald.Williams@mcintyre.com
799816,Heather,Garcia,Heather.Garcia@jones.com
67382,Kelly,Palmer,Kelly.Palmer@hill-silva.com
750835,Kaitlyn,Hall,Kaitlyn.Hall@cross.biz
379843,Luis,Thornton,Luis.Thornton@hahn.org
428065,Cody,Mcmahon,Cody.Mcmahon@smith-pennington.com
389960,William,Perez,William.Perez@gonzalez.org
182246,Jennifer,Butler,Jennifer.Butler@powers-chavez.biz
617113,Travis,Cochran,Travis.Cochran@leonard.biz
797497,Raymond,Carson,Raymond.Carson@brown.com
188301,Joseph,Ramos,Joseph.Ramos@norris.info
480174,Amanda,Williams,Amanda.Williams@collins-king.com
90860,Christina,Fletcher,Christina.Fletcher@thompson.com
640276,Allison,Gomez,Allison.Gomez@lopez-lawrence.com
842942,Katrina,Ford,Katrina.Ford@rodriguez.com
608983,Jason,Harris,Jason.Harris@bryant.net
491737,Anthony,Thompson,Anthony.Thompson@burton-vazquez.com
46044,Duane,Conrad,Duane.Conrad@dyer.com
619774,Jessica,Roach,Jessica.Roach@cannon.biz
190122,Patrick,Jackson,Patrick.Jackson@decker-davis.com
720593,Holly,Brewer,Holly.Brewer@kelley.biz
944044,Adam,Martin,Adam.Martin@romero.com
812579,Michael,Lowe,Michael.Lowe@smith.com
68545,Joshua,Williams,Joshua.Williams@smith.com
253943,Jonathan,Owens,Jonathan.Owens@crawford.com
485283,Isaac,Booker,Isaac.Booker@mann.com
446174,Daniel,Ortiz,Daniel.Ortiz@larson-ward.com
399989,Kevin,Morris,Kevin.Morris@hernandez-ruiz.com
380175,Lynn,Mckinney,Lynn.Mckinney@moore.biz
878869,Jamie,Reyes,Jamie.Reyes@gonzales-davis.com
50615,Chase,Callahan,Chase.Callahan@willis.info
840742,Shannon,Martinez,Shannon.Martinez@mercado.com
811386,Deborah,Duarte,Deborah.Duarte@clark.com
215023,Noah,Boyer,Noah.Boyer@cook.org
45574,Daniel,Perez,Daniel.Perez@hinton.com
328035,Paul,Sullivan,Paul.Sullivan@garza-sellers.info
409695,Monica,Meza,Monica.Meza@jackson-black.info
618375,Felicia,Wright,Felicia.Wright@thomas.com
73747,Nancy,Tucker,Nancy.Tucker@dominguez-mills.net
444097,Maria,Snyder,Maria.Snyder@williams-brown.com
733552,Teresa,Smith,Teresa.Smith@harmon.net
606543,Dawn,Evans,Dawn.Evans@shaw.com
531288,Nicholas,Mcguire,Nicholas.Mcguire@dunn.info
661719,Joseph,Garrison,Joseph.Garrison@williams-sosa.com
68072,Bryan,Rhodes,Bryan.Rhodes@hall.com
343071,Lisa,Acevedo,Lisa.Acevedo@thompson.org
705612,Tyler,Jones,Tyler.Jones@olsen.net
287477,Scott,Lawrence,Scott.Lawrence@huffman-davis.com
356260,Bryan,Flores,Bryan.Flores@johnson.com
827722,Jeremy,Ball,Jeremy.Ball@walker.net
869800,James,Brown,James.Brown@cole.org
342905,Michael,Diaz,Michael.Diaz@hall-conner.biz
575776,Christopher,Carlson,Christopher.Carlson@ryan.com
181125,Carlos,Robinson,Carlos.Robinson@smith.com
729961,Patricia,Nash,Patricia.Nash@mann.biz
583797,Brittany,Brown,Brittany.Brown@robertson-sanders.com
559052,Robert,Jones,Robert.Jones@norris.com
968460,Terri,Saunders,Terri.Saunders@sims-west.biz
918253,Laurie,Hurley,Laurie.Hurley@stevenson.com
265751,Veronica,Patel,Veronica.Patel@peterson-singleton.com
862540,Kim,Thomas,Kim.Thomas@parks-robinson.com
565408,Thomas,Parrish,Thomas.Parrish@rodriguez-mills.com
658669,Nicole,Perez,Nicole.Perez@russell-evans.com
736748,Martin,Ball,Martin.Ball@bolton.com
779406,Eric,Richardson,Eric.Richardson@roberts.com
710040,Mason,Jacobson,Mason.Jacobson@herrera-brennan.info
507896,Megan,Sanders,Megan.Sanders@clark.net
429084,Suzanne,Lewis,Suzanne.Lewis@rodriguez.biz
257971,Rhonda,Cameron,Rhonda.Cameron@ray.com
109671,Scott,Mckay,Scott.Mckay@knight.com
569492,George,York,George.York@brown.com
30271,Jessica,Rogers,Jessica.Rogers@davis.com
761495,Gary,Mcpherson,Gary.Mcpherson@abbott-owens.net
847281,Jennifer,Johnson,Jennifer.Johnson@curtis-smith.net
710100,Haley,Ellis,Haley.Ellis@benson.com
166151,Kimberly,Turner,Kimberly.Turner@flores.net
619309,Stacy,Downs,Stacy.Downs@bradley.com
536647,Elizabeth,Benitez,Elizabeth.Benitez@martinez-carter.com
526264,Bethany,Sutton,Bethany.Sutton@huffman-young.com
734644,Scott,Shepherd,Scott.Shepherd@cameron.com
869858,Shawn,Murphy,Shawn.Murphy@mason.com
917073,Kimberly,Ortega,Kimberly.Ortega@george-hogan.com
230091,Benjamin,Horn,Benjamin.Horn@lewis.com
770006,Randy,Crosby,Randy.Crosby@martinez.com
941001,Eric,Flores,Eric.Flores@todd.com
783243,Molly,Harrison,Molly.Harrison@clark.com
764484,Angela,Scott,Angela.Scott@carlson.biz
363378,Patrick,Morris,Patrick.Morris@reyes.com
417110,Vanessa,Smith,Vanessa.Smith@lee.com
670507,Leslie,Taylor,Leslie.Taylor@johnson.com
465460,Elizabeth,Douglas,Elizabeth.Douglas@haynes.com
824514,Tyler,Deleon,Tyler.Deleon@myers-davis.biz
640992,David,Vaughn,David.Vaughn@carey.com
410399,Robert,Smith,Robert.Smith@garcia.com
36569,Darlene,Wood,Darlene.Wood@henderson.info
411594,Autumn,Vazquez,Autumn.Vazquez@cherry.com
810868,Laura,Mcdowell,Laura.Mcdowell@atkins.com
56106,Joseph,Ramirez,Joseph.Ramirez@cowan-wright.com
844252,Rhonda,Terry,Rhonda.Terry@jackson.com
180518,Lisa,Hill,Lisa.Hill@robinson.com
964402,Keith,Peterson,Keith.Peterson@wilkins-pratt.com
970346,Stacy,Brown,Stacy.Brown@jones.com
592740,Anna,Williams,Anna.Williams@adams.com
887484,Bobby,Mcpherson,Bobby.Mcpherson@clark-simpson.org
567232,Steven,Mcdonald,Steven.Mcdonald@hess.org
499822,Gregory,Miller,Gregory.Miller@robinson.info
536964,Amy,Spencer,Amy.Spencer@miller-richardson.org
409454,Nicole,Young,Nicole.Young@martinez-french.com
334445,Patricia,Long,Patricia.Long@kim.com
265572,Kimberly,Bennett,Kimberly.Bennett@griffin-brooks.com
589091,Hannah,Goodwin,Hannah.Goodwin@jensen.biz
850031,Patricia,Greene,Patricia.Greene@bell.com
465174,William,Anderson,William.Anderson@serrano-johnson.biz
459207,Laura,Martinez,Laura.Martinez@collins-vazquez.org
809355,Ralph,Bell,Ralph.Bell@riddle-rodriguez.com
941303,Julie,Duran,Julie.Duran@rivera.com
402695,Steven,Wood,Steven.Wood@roberts.org
210427,Amanda,Parks,Amanda.Parks@sutton.com
204874,William,Edwards,William.Edwards@sutton.info
354064,Jonathan,Cain,Jonathan.Cain@hinton.com
888891,Carol,Fisher,Carol.Fisher@smith.com
798302,Shawn,Cooper,Shawn.Cooper@jones.info
897517,April,Brown,April.Brown@cervantes.net
276777,Jessica,Ward,Jessica.Ward@miles-wilson.com
296273,Jessica,Smith,Jessica.Smith@harris-owens.info
37150,Todd,Simmons,Todd.Simmons@scott.com
253235,Amanda,Martinez,Amanda.Martinez@castro-casey.biz
275573,Sydney,Meyer,Sydney.Meyer@sloan-barrett.net
183160,Sarah,Rush,Sarah.Rush@fowler.info
416417,Susan,Hernandez,Susan.Hernandez@day.com
18808,Jeremy,Daniel,Jeremy.Daniel@mack-harmon.com
338856,Zoe,Berger,Zoe.Berger@wilkerson.com
74745,Jessica,Taylor,Jessica.Taylor@hayes.com
420882,Tammy,Henry,Tammy.Henry@patel-ramirez.info
349521,Melissa,Flowers,Melissa.Flowers@brown.net
982520,Lawrence,Coleman,Lawrence.Coleman@garcia.com
581036,Kelly,Flores,Kelly.Flores@johnson-roach.com
838753,Laura,Young,Laura.Young@perez.net
219363,Joanna,Skinner,Joanna.Skinner@rivera.com
203850,Jessica,Williams,Jessica.Williams@lambert.com
429512,Patrick,Miller,Patrick.Miller@gross-oconnor.com
756185,Stephanie,Williams,Stephanie.Williams@mendoza-luna.com
282359,Stephanie,Patel,Stephanie.Patel@matthews.com
654864,Richard,Mitchell,Richard.Mitchell@merritt.com
810657,Alexis,Dean,Alexis.Dean@larson.com
410044,Scott,Tyler,Scott.Tyler@diaz.com
286625,Kimberly,Jacobs,Kimberly.Jacobs@olsen.biz
969142,Courtney,Figueroa,Courtney.Figueroa@carter.net
796326,Jeremy,Jordan,Jeremy.Jordan@rogers-hunt.net
314000,Matthew,Smith,Matthew.Smith@brown-freeman.com
689819,David,Hernandez,David.Hernandez@rivera.org
777007,Stephanie,Martinez,Stephanie.Martinez@patterson.com
725467,Dwayne,Barry,Dwayne.Barry@park-yu.org
822192,Christopher,White,Christopher.White@hardin-williams.com
619861,Nancy,Collins,Nancy.Collins@gaines.com
160241,Ethan,Hall,Ethan.Hall@carter.com
92333,Kathryn,Smith,Kathryn.Smith@rich.info
334376,Karen,Jones,Karen.Jones@wagner-brown.com
971551,Ronald,Pitts,Ronald.Pitts@wright-orozco.com
38721,Travis,White,Travis.White@herrera.com
914978,Christine,Pierce,Christine.Pierce@davis.org
786514,Brett,Williams,Brett.Williams@sparks.com
421327,Jamie,Jackson,Jamie.Jackson@sheppard.biz
474777,Robin,Kramer,Robin.Kramer@ramirez.com
598236,Jeanne,Horton,Jeanne.Horton@dean.info
594306,Daniel,Oliver,Daniel.Oliver@scott.com
393497,Richard,Wells,Richard.Wells@gomez.com
479347,Candace,Thomas,Candace.Thomas@rodriguez-haley.com
762108,Evan,Daniel,Evan.Daniel@hanna.net
361567,Janice,Ruiz,Janice.Ruiz@mccoy-wilson.info
453276,Ronald,Anderson,Ronald.Anderson@mclean.net
204946,Michael,Pratt,Michael.Pratt@dudley.com
429959,Victoria,Miller,Victoria.Miller@duarte.info
540591,Chelsea,Cline,Chelsea.Cline@rivera.com
435187,Brian,Neal,Brian.Neal@english.com
578833,Michele,Dunn,Michele.Dunn@sutton-hebert.biz
254092,Laura,Cortez,Laura.Cortez@velez.biz
627631,Johnny,Brown,Johnny.Brown@murphy.info
136843,Amanda,Carrillo,Amanda.Carrillo@harrison.com
492835,Katelyn,Smith,Katelyn.Smith@sharp.com
257151,Vanessa,Campbell,Vanessa.Campbell@kaiser.com
741051,Erica,Johnson,Erica.Johnson@wilson.com
731672,Robert,Watson,Robert.Watson@johnson-kane.com
235213,Anthony,Mueller,Anthony.Mueller@maddox.org
283670,Christopher,Miller,Christopher.Miller@sims-allen.com
491321,Heather,Cox,Heather.Cox@scott.com
684594,Jamie,Davis,Jamie.Davis@russell.info
338127,Paul,Hudson,Paul.Hudson@carter.com
473648,John,Schneider,John.Schneider@peterson-carrillo.com
892756,Shawn,Evans,Shawn.Evans@clark.net
377015,Denise,Smith,Denise.Smith@hammond.biz
832184,Aaron,Lee,Aaron.Lee@lang.com
769893,Karen,Lucero,Karen.Lucero@freeman.info
182272,Tracy,Thompson,Tracy.Thompson@woods-morrison.com
708560,Anthony,Warren,Anthony.Warren@zavala.info
737742,Edward,Coleman,Edward.Coleman@moore.org
378877,Becky,Patterson,Becky.Patterson@everett.org
892512,James,Browning,James.Browning@howe.biz
333651,Denise,Wiley,Denise.Wiley@serrano-walton.com
915161,Richard,Austin,Richard.Austin@reynolds.net
335147,Katherine,Sharp,Katherine.Sharp@gonzales.com
560615,Michelle,Ruiz,Michelle.Ruiz@hodges.net
332552,Matthew,Guzman,Matthew.Guzman@simmons-vargas.biz
914907,Michael,Coleman,Michael.Coleman@reyes.com
624429,Dawn,Hensley,Dawn.Hensley@johnson-rodriguez.org
585068,Michael,Douglas,Michael.Douglas@bennett-anderson.com
218771,Joe,Hansen,Joe.Hansen@smith-west.com
966135,Gabrielle,Joyce,Gabrielle.Joyce@rodriguez.com
856862,Melanie,Kerr,Melanie.Kerr@alexander.com
563441,Paul,Curry,Paul.Curry@jackson-hodge.com
868463,Rachel,Carpenter,Rachel.Carpenter@saunders-smith.com
289850,Clarence,Soto,Clarence.Soto@stanley.com
480773,Regina,Terry,Regina.Terry@kirby-calderon.biz
954855,Perry,Marshall,Perry.Marshall@smith-alexander.com
675985,Cynthia,Smith,Cynthia.Smith@romero-johnson.com
734737,Justin,Peters,Justin.Peters@clark.net
341056,Amber,Carney,Amber.Carney@clark-schmitt.com
973636,Seth,Andrews,Seth.Andrews@mills-hill.org
29100,Brian,Obrien,Brian.Obrien@cowan.info
785169,Laura,Cervantes,Laura.Cervantes@payne.com
348852,John,Logan,John.Logan@horton.com
113664,Jessica,Koch,Jessica.Koch@mckee.info
910928,Carrie,Walker,Carrie.Walker@strickland.com
70381,Ronnie,Wagner,Ronnie.Wagner@kaufman-brown.info
732332,David,Holmes,David.Holmes@orozco.com
736109,Jeffery,Banks,Jeffery.Banks@sims.net
557347,Nancy,Mcintosh,Nancy.Mcintosh@acosta-harrell.com
402968,Joshua,Bennett,Joshua.Bennett@moore-ramirez.info
50057,Tammy,Ward,Tammy.Ward@richards.com
510293,Riley,Smith,Riley.Smith@pittman.net
825838,James,Hahn,James.Hahn@hall.org
350934,Justin,Davila,Justin.Davila@marquez.biz
157841,Christopher,Henderson,Christopher.Henderson@rangel.com
466329,Mary,Miller,Mary.Miller@wright.com
322873,Stephanie,Nelson,Stephanie.Nelson@gallagher-lane.com
617834,Rebecca,Martinez,Rebecca.Martinez@martinez.biz
88310,Shari,Long,Shari.Long@johnson.net
597472,Robert,Flynn,Robert.Flynn@howard.com
438207,Roberto,Lewis,Roberto.Lewis@stafford.info
513125,Kathy,Cain,Kathy.Cain@crosby.com
943953,Matthew,Quinn,Matthew.Quinn@vincent-dean.net
58392,Sarah,Zimmerman,Sarah.Zimmerman@james-king.com
79231,Jaime,Contreras,Jaime.Contreras@campbell.org
404205,Charles,Mayo,Charles.Mayo@barrera.info
132693,Amanda,Brown,Amanda.Brown@jenkins.com
80773,Christina,Castro,Christina.Castro@barron.com
683754,Katie,Johnston,Katie.Johnston@moore.net
692818,Matthew,Vargas,Matthew.Vargas@holt.org
242359,Lori,Stewart,Lori.Stewart@garcia-sheppard.org
704675,Robert,Manning,Robert.Manning@hughes.com
612253,William,Shannon,William.Shannon@miller-smith.net
177150,Christopher,Jackson,Christopher.Jackson@bell.com
991523,Kara,Bradley,Kara.Bradley@roberts.com
715647,Danielle,Trujillo,Danielle.Trujillo@rodgers-michael.com
910279,Billy,Castillo,Billy.Castillo@stone-swanson.com
939913,Erin,Ochoa,Erin.Ochoa@martinez.org
439183,Cody,Fox,Cody.Fox@jones.com
760563,Renee,Dodson,Renee.Dodson@munoz.com
286082,Elizabeth,Palmer,Elizabeth.Palmer@hutchinson.com
226366,Scott,Cisneros,Scott.Cisneros@hughes.com
6590,Natasha,Adams,Natasha.Adams@hernandez.com
938496,Don,Cook,Don.Cook@torres.com
280022,Sharon,Welch,Sharon.Welch@melton.com
680295,Jamie,Jones,Jamie.Jones@houston-benton.biz
48939,Natasha,Weber,Natasha.Weber@kelly.com
386070,Stephanie,Jennings,Stephanie.Jennings@macias.biz
879914,Sonya,Cantrell,Sonya.Cantrell@moore-cook.info
58459,Tommy,Forbes,Tommy.Forbes@reyes-brock.com
421172,Stephen,Henry,Stephen.Henry@hernandez.info
736812,Natasha,Bond,Natasha.Bond@branch.org
231054,Laurie,Stout,Laurie.Stout@douglas.com
746157,Crystal,Martin,Crystal.Martin@ferguson-huber.net
469301,Marvin,Thompson,Marvin.Thompson@williams-lawrence.org
653787,Laurie,Brooks,Laurie.Brooks@calderon.com
956449,Christopher,Paul,Christopher.Paul@davis.com
237260,Diane,Black,Diane.Black@smith-shaffer.com
51776,Julie,Martinez,Julie.Martinez@jones.com
606803,James,Morris,James.Morris@hebert.info
20943,Robert,Wood,Robert.Wood@montgomery.com
269258,Joseph,Velasquez,Joseph.Velasquez@curry.biz
326014,David,Marshall,David.Marshall@simon-henry.org
460267,Ashley,Kline,Ashley.Kline@smith.com
56929,Evelyn,Huff,Evelyn.Huff@ward.org
958328,Tanner,Li,Tanner.Li@christensen.com
558372,Danielle,Gutierrez,Danielle.Gutierrez@lowe.com
243278,Raymond,Rubio,Raymond.Rubio@lopez-hansen.biz
772868,Deborah,Bryan,Deborah.Bryan@ball.biz
195943,Stacey,Hoffman,Stacey.Hoffman@green.biz
408140,Ernest,Rodriguez,Ernest.Rodriguez@henry.org
791954,Tracey,Sandoval,Tracey.Sandoval@washington-edwards.info
771848,Karen,Smith,Karen.Smith@hart-crane.com
461560,Gregory,Maynard,Gregory.Maynard@rodgers-powell.info
289549,Robert,Carney,Robert.Carney@davis.biz
303305,Joshua,Jackson,Joshua.Jackson@anderson-hanson.biz
77377,Albert,Reid,Albert.Reid@soto.com
396298,Nicholas,Ross,Nicholas.Ross@calhoun-davis.org
414313,Stanley,Newton,Stanley.Newton@hendricks-sosa.info
300425,Barbara,Henderson,Barbara.Henderson@barry-martinez.net
407419,Julie,Taylor,Julie.Taylor@kemp.org
287950,Crystal,Stevenson,Crystal.Stevenson@palmer-hutchinson.com
302138,Sheila,White,Sheila.White@freeman.com
921282,Ronald,Flowers,Ronald.Flowers@anderson.com
798776,Daniel,Davis,Daniel.Davis@higgins-wiley.biz
900477,Casey,Ray,Casey.Ray@bowen.org
241199,Eric,Smith,Eric.Smith@crawford.com
399532,Jennifer,Martin,Jennifer.Martin@fletcher.com
471073,Kimberly,Pineda,Kimberly.Pineda@davis.com
871096,Stephanie,Anderson,Stephanie.Anderson@shaffer.net
386176,Rebecca,Delgado,Rebecca.Delgado@fernandez.com
842370,Brian,Young,Brian.Young@soto-owens.com
298102,Joe,Moore,Joe.Moore@ward-flores.com
606670,Sean,House,Sean.House@nguyen-stevens.biz
386941,Andrew,Wallace,Andrew.Wallace@white.com
866127,Kathy,Weaver,Kathy.Weaver@atkinson.com
122305,Shane,Campos,Shane.Campos@carpenter.com
36824,David,Johnson,David.Johnson@johnston.com
909795,Patricia,Strong,Patricia.Strong@smith.com
528009,Michelle,Powers,Michelle.Powers@long.com
498130,Andrea,Medina,Andrea.Medina@rogers-black.com
761766,Nicole,Reed,Nicole.Reed@huff.com
238446,Jeffrey,Delgado,Jeffrey.Delgado@warner.net
564395,Jeffrey,Cochran,Jeffrey.Cochran@novak.net
4287,Julia,Patterson,Julia.Patterson@brown.biz
571208,Michael,Anthony,Michael.Anthony@sullivan.com
497101,Kristopher,Peterson,Kristopher.Peterson@stewart.org
275688,Cory,Wilson,Cory.Wilson@fernandez.com
17079,Dustin,Rodriguez,Dustin.Rodriguez@miller.com
384152,Amber,Greene,Amber.Greene@johnson-williams.org
380021,Ryan,Larson,Ryan.Larson@jackson.com
952123,Cheryl,Reeves,Cheryl.Reeves@pope.biz
441646,Crystal,Wells,Crystal.Wells@baldwin.com
808279,Shannon,Griffith,Shannon.Griffith@miller.com
274205,Shane,Davis,Shane.Davis@taylor.org
173482,Timothy,Orozco,Timothy.Orozco@brown-jackson.com
512773,Marisa,Miranda,Marisa.Miranda@white-white.com
283933,Jeffrey,Ross,Jeffrey.Ross@galvan.com
878140,Kyle,Martinez,Kyle.Martinez@smith.com
266655,Crystal,Wood,Crystal.Wood@johnson.com
606630,Heidi,Wilson,Heidi.Wilson@hall.org
582215,Susan,Bender,Susan.Bender@maldonado.com
909718,Erica,Edwards,Erica.Edwards@fitzgerald.com
558159,Carolyn,Page,Carolyn.Page@smith.biz
714332,Susan,Powell,Susan.Powell@huynh.com
284162,Michael,Hill,Michael.Hill@ramos.org
10107,Dean,Williams,Dean.Williams@meyer.biz
631593,Tiffany,Gibson,Tiffany.Gibson@atkinson-hess.com
289373,Tara,Durham,Tara.Durham@lee.com
575955,Carrie,Robbins,Carrie.Robbins@bryant.com
135120,Jacqueline,Silva,Jacqueline.Silva@hernandez.com
383774,Jessica,Lambert,Jessica.Lambert@banks-lopez.com
864960,Alexander,Atkins,Alexander.Atkins@adams-rice.net
60925,Donna,Carter,Donna.Carter@boyle.net
996649,John,Stone,John.Stone@ortega-hopkins.com
568236,Rachel,Bell,Rachel.Bell@gray.com
766714,Megan,Kerr,Megan.Kerr@young.com
660285,Linda,Richards,Linda.Richards@mitchell.com
723122,Thomas,Jensen,Thomas.Jensen@jones-murray.com
375678,Susan,Bender,Susan.Bender@garner.biz
699208,Benjamin,Mcgee,Benjamin.Mcgee@torres.com
190181,Jacob,Cross,Jacob.Cross@gonzales-pierce.com
580448,Brittany,Harrell,Brittany.Harrell@marshall.com
381409,Melissa,Graves,Melissa.Graves@pope-anderson.com
946122,Brian,Payne,Brian.Payne@fischer.com
550152,Mark,Villanueva,Mark.Villanueva@adkins-lee.com
549486,Pamela,Pratt,Pamela.Pratt@gonzales-knox.org
800915,Victoria,Greene,Victoria.Greene@jimenez.com
839075,Carlos,Phillips,Carlos.Phillips@young-colon.com
971301,Jessica,Rivera,Jessica.Rivera@gardner.com
58551,Anthony,Miller,Anthony.Miller@burch.biz
520486,Dawn,Barrett,Dawn.Barrett@johnson-moore.org
232802,Haley,Bryant,Haley.Bryant@robertson.info
172320,April,Joseph,April.Joseph@clark.org
835885,Amy,Howard,Amy.Howard@gutierrez.com
904537,Pamela,Campbell,Pamela.Campbell@stewart-howard.biz
240075,Julie,Smith,Julie.Smith@middleton.com
237754,Travis,Jones,Travis.Jones@smith.com
597861,Laura,Graham,Laura.Graham@moore.com
327173,Michele,Washington,Michele.Washington@lawson.com
415005,Rachel,Dillon,Rachel.Dillon@frazier.com
552699,Andrea,Myers,Andrea.Myers@bowman.com
381116,Jennifer,Thomas,Jennifer.Thomas@valentine.org
296921,Nicole,Vaughn,Nicole.Vaughn@rogers.info
646844,Sabrina,Walters,Sabrina.Walters@golden.net
800530,Christopher,Sims,Christopher.Sims@payne-medina.org
111217,Lindsay,Osborne,Lindsay.Osborne@young.com
479058,Michele,Robinson,Michele.Robinson@gonzalez.com
101894,Teresa,Miller,Teresa.Miller@sanders.com
823871,James,Cruz,James.Cruz@rivera.com
535778,Robin,Cole,Robin.Cole@kim-alvarez.com
988332,Drew,Bradley,Drew.Bradley@burns.com
534288,Reginald,Ramos,Reginald.Ramos@parks.com
902994,Linda,Shepard,Linda.Shepard@cameron.com
472739,Robert,Williams,Robert.Williams@mcbride.com
293428,Samantha,Hansen,Samantha.Hansen@fields-oneal.net
445057,Lori,Levy,Lori.Levy@camacho.com
95830,Franklin,Scott,Franklin.Scott@thomas.org
921450,Joshua,Clark,Joshua.Clark@campbell.org
930578,Sydney,Robinson,Sydney.Robinson@peck.info
386244,Carolyn,Murray,Carolyn.Murray@ruiz.com
516862,Deanna,Hahn,Deanna.Hahn@rojas.biz
167828,Dustin,Bell,Dustin.Bell@wang.com
680499,Glenn,Freeman,Glenn.Freeman@price-tucker.com
984664,Jean,Shaffer,Jean.Shaffer@miller.com
863585,Richard,Gardner,Richard.Gardner@park.com
302448,Timothy,Nelson,Timothy.Nelson@santos-hurst.org
314479,Nathan,Smith,Nathan.Smith@cook.com
52543,Eric,Martin,Eric.Martin@harding.com
257234,Daniel,Huynh,Daniel.Huynh@miller.com
346111,Charles,Rivera,Charles.Rivera@boone-hernandez.com
282240,Anthony,Brown,Anthony.Brown@luna-kane.biz
236553,Tonya,Burns,Tonya.Burns@wiley.com
921157,Dustin,Vincent,Dustin.Vincent@tucker.com
695684,Briana,Hardy,Briana.Hardy@zimmerman.com
263525,Lisa,Patterson,Lisa.Patterson@murillo-hayes.com
487407,Anne,Horn,Anne.Horn@schaefer.org
353837,Renee,Powell,Renee.Powell@hines-hernandez.com
176957,Samuel,Wilson,Samuel.Wilson@jones.com
205132,Paul,Peters,Paul.Peters@jackson.com
918575,Bruce,Padilla,Bruce.Padilla@peterson.com
562949,Karen,Nelson,Karen.Nelson@bridges.com
286813,Erin,Lewis,Erin.Lewis@johnson.biz
7212,John,Mckenzie,John.Mckenzie@cooper.info
219203,Sarah,Franklin,Sarah.Franklin@campbell-oconnor.info
915125,Christy,Harris,Christy.Harris@martin.com
462283,Amy,Brown,Amy.Brown@johnson-sawyer.com
578775,Chase,Pennington,Chase.Pennington@thomas.info
369196,Judith,Blanchard,Judith.Blanchard@morrison.com
830573,Lisa,Wilson,Lisa.Wilson@reed.net
531570,James,Ward,James.Ward@sanders.org
803500,Jeremiah,Martinez,Jeremiah.Martinez@bennett.biz
851116,Amy,Reed,Amy.Reed@hill-garza.com
28970,David,Roach,David.Roach@hill.com
243688,Shane,Rhodes,Shane.Rhodes@burnett.com
685447,Donna,Cruz,Donna.Cruz@nelson.com
455851,Alexander,Brown,Alexander.Brown@miles.com
224891,Omar,Lowe,Omar.Lowe@thompson-fowler.org
819274,Brian,Parker,Brian.Parker@brown.com
466812,Katie,Phelps,Katie.Phelps@bell-shields.com
930788,Sarah,Bradley,Sarah.Bradley@fox.com
748990,Sarah,Cervantes,Sarah.Cervantes@douglas.com
281673,Steven,Mitchell,Steven.Mitchell@moreno-farmer.com
933490,Cody,White,Cody.White@harrison-taylor.com
576986,Amy,Watson,Amy.Watson@benson.net
727124,Stephanie,Cox,Stephanie.Cox@juarez.com
791560,Richard,Mullins,Richard.Mullins@parks-cruz.com
340227,Ronnie,White,Ronnie.White@black.com
967686,Stephanie,Holder,Stephanie.Holder@huber.com
562182,Justin,Davidson,Justin.Davidson@stein.com
398676,Daniel,Hughes,Daniel.Hughes@porter.com
720777,Janet,Walker,Janet.Walker@robertson-wilson.com
938059,Susan,Nunez,Susan.Nunez@davis.net
592973,Katherine,Price,Katherine.Price@curtis.biz
341298,Marcus,Williams,Marcus.Williams@sanders.org
993659,Jessica,Arnold,Jessica.Arnold@ramirez.info
320177,Joseph,Galloway,Joseph.Galloway@stevens.com
676243,David,Keller,David.Keller@rose-conrad.org
554220,Bridget,Downs,Bridget.Downs@bennett-williams.com
398193,Tracey,Baldwin,Tracey.Baldwin@lee-chambers.com
307562,Tonya,Holmes,Tonya.Holmes@nicholson-morris.com
17086,Monica,Maxwell,Monica.Maxwell@hendrix.net
925892,Haley,Fleming,Haley.Fleming@ford.org
17902,Donna,Cole,Donna.Cole@mccall.org
350791,Alexander,Meyer,Alexander.Meyer@smith-wilkinson.com
852517,Donna,Richardson,Donna.Richardson@ward.com
746816,Jeffrey,Peck,Jeffrey.Peck@kane-wise.com
967998,Stacey,Richards,Stacey.Richards@key-waters.com
274005,Douglas,Tapia,Douglas.Tapia@nicholson.com
484884,Matthew,Carter,Matthew.Carter@pham-mcdaniel.com
505912,Kathleen,Benson,Kathleen.Benson@clark-daniel.biz
390782,Justin,Marsh,Justin.Marsh@benitez.com
684799,Garrett,Taylor,Garrett.Taylor@smith.com
618921,Melinda,Chambers,Melinda.Chambers@ramsey-soto.com
942923,Matthew,Schmidt,Matthew.Schmidt@burke.com
559412,Steven,Perez,Steven.Perez@graves.com
57916,Eugene,Campbell,Eugene.Campbell@jones.com
948203,Keith,Johnson,Keith.Johnson@jimenez.com
167843,Helen,Holt,Helen.Holt@mckee-grant.net
34881,Daniel,Hardin,Daniel.Hardin@kidd.biz
903927,Lisa,Maxwell,Lisa.Maxwell@schwartz-delacruz.com
788263,Betty,Jordan,Betty.Jordan@reynolds.biz
240261,Molly,Adams,Molly.Adams@coleman.com
791577,Patrick,Hopkins,Patrick.Hopkins@rogers-white.net
200056,Joseph,Griffin,Joseph.Griffin@boyd-simon.com
637382,Craig,Kent,Craig.Kent@dean-king.com
618900,Pam,Ross,Pam.Ross@bailey.com
563745,Zachary,Long,Zachary.Long@garcia-anderson.com
741531,Ryan,Hickman,Ryan.Hickman@kelly.com
465401,Alexis,Hughes,Alexis.Hughes@wright-mcbride.com
761672,Jacqueline,Fernandez,Jacqueline.Fernandez@mitchell.net
818117,Nicole,Allison,Nicole.Allison@conley-montes.com
357132,Emily,Nelson,Emily.Nelson@sanchez.com
206134,Andrea,Walker,Andrea.Walker@bautista.net
414526,Diana,Lopez,Diana.Lopez@lopez.org
516568,Louis,Donaldson,Louis.Donaldson@gonzalez.com
322578,Rachel,Burns,Rachel.Burns@wolf.com
950526,Nathan,Wilson,Nathan.Wilson@reid-guzman.com
506388,Linda,Shepherd,Linda.Shepherd@martin.com
840043,Anthony,Moreno,Anthony.Moreno@zuniga-myers.org
852025,Brian,Williams,Brian.Williams@silva.com
21350,Dominique,Gray,Dominique.Gray@thomas-nelson.com
761251,Jonathan,Long,Jonathan.Long@winters.org
40530,James,Velasquez,James.Velasquez@fischer-bailey.com
858737,Anthony,Wolf,Anthony.Wolf@hall.net
447559,Katherine,Bennett,Katherine.Bennett@rodriguez.biz
41334,Carl,Lyons,Carl.Lyons@patterson.com
61682,Karen,Brown,Karen.Brown@walls-alvarez.biz
3010,Patrick,Martinez,Patrick.Martinez@arellano-haney.com
725765,Christopher,Alvarez,Christopher.Alvarez@martinez.info
798772,Laura,Brown,Laura.Brown@marquez.biz
820390,Michael,Morris,Michael.Morris@osborne-roberts.com
128775,Richard,Brady,Richard.Brady@zamora.com
651553,Charles,Barnett,Charles.Barnett@vazquez-cross.com
604891,Cory,Campbell,Cory.Campbell@ward-obrien.info
926687,Margaret,Hall,Margaret.Hall@rodriguez.com
444030,Nathan,Wolf,Nathan.Wolf@rivas-shields.com
959023,Phillip,Holloway,Phillip.Holloway@roberts.net
440260,Brandon,Hernandez,Brandon.Hernandez@collins.com
792578,Andrew,Henry,Andrew.Henry@hernandez.com
339591,Jacqueline,Duncan,Jacqueline.Duncan@peters.org
580494,Stephen,Wilson,Stephen.Wilson@livingston.info
463024,Natalie,Martinez,Natalie.Martinez@mack.com
857110,Reginald,Petty,Reginald.Petty@buck-adkins.com
599835,William,Church,William.Church@carpenter.com
350098,Kathy,Douglas,Kathy.Douglas@martinez.com
774428,Ashley,Church,Ashley.Church@jones-hall.info
598193,Keith,Walker,Keith.Walker@robertson.com
208170,Emily,Anderson,Emily.Anderson@james-scott.net
559189,Emily,Williamson,Emily.Williamson@smith.com
51184,Kristie,Hanson,Kristie.Hanson@benson.biz
270918,Deanna,Rice,Deanna.Rice@davenport.com
535559,Rachel,Peterson,Rachel.Peterson@elliott.com
773221,Jessica,Barron,Jessica.Barron@edwards.net
770884,Shawn,Mcdonald,Shawn.Mcdonald@peterson.org
976556,Evan,Romero,Evan.Romero@juarez-henry.info
59251,Morgan,Nicholson,Morgan.Nicholson@dalton.com
362056,Samuel,Jarvis,Samuel.Jarvis@ford.net
842077,Chris,Hoover,Chris.Hoover@gordon-brown.com
910801,William,Turner,William.Turner@mercado-fry.com
657365,Erin,Armstrong,Erin.Armstrong@james.net
110197,Daniel,Mack,Daniel.Mack@kemp.com
694436,Alexandra,Jackson,Alexandra.Jackson@wade.net
943019,Kaitlyn,Phillips,Kaitlyn.Phillips@swanson-aguirre.com
957456,Eric,Stevenson,Eric.Stevenson@miller.org
354693,Michael,Blair,Michael.Blair@brennan.net
970650,Michelle,Sanders,Michelle.Sanders@hughes.net
40322,Alex,Fitzgerald,Alex.Fitzgerald@strickland-mcintosh.biz
265563,Sean,Rodriguez,Sean.Rodriguez@garcia.com
523967,Marisa,Hutchinson,Marisa.Hutchinson@potter.com
658848,Christine,Davis,Christine.Davis@cook-caldwell.com
954779,Jonathan,Howard,Jonathan.Howard@ortiz-brown.net
596437,Katrina,Moreno,Katrina.Moreno@hobbs-roth.info
706211,Miguel,Walters,Miguel.Walters@warren.com
477747,John,Gaines,John.Gaines@gordon-morris.com
379871,Sandra,Chung,Sandra.Chung@howe-yoder.biz
819748,Robert,Morales,Robert.Morales@spencer.info
110869,James,Dawson,James.Dawson@cole.com
992831,Patricia,Pennington,Patricia.Pennington@mata-dixon.com
989168,Meghan,Dunn,Meghan.Dunn@sampson.com
611100,Jason,Morris,Jason.Morris@ball-adams.com
618873,Misty,Wells,Misty.Wells@adams.com
179169,Michael,Wilson,Michael.Wilson@wall-knight.com
90456,Michael,Ingram,Michael.Ingram@burnett.com
398814,Haley,Martinez,Haley.Martinez@molina.org
823594,Samantha,Zimmerman,Samantha.Zimmerman@barton.org
247667,Jennifer,Castillo,Jennifer.Castillo@medina-smith.org
553013,Kimberly,Norton,Kimberly.Norton@young.com
717338,Alex,Dunn,Alex.Dunn@anderson-patterson.com
865669,Tara,Hunt,Tara.Hunt@burns-parker.com
770027,Barbara,Freeman,Barbara.Freeman@schmidt-santiago.com
423109,Jennifer,Robinson,Jennifer.Robinson@jones.com
429607,John,Smith,John.Smith@wood.com
351881,Holly,Thomas,Holly.Thomas@davis.com
688082,Michael,Mccall,Michael.Mccall@robertson.com
546200,Charles,Gonzalez,Charles.Gonzalez@stevenson-rhodes.biz
560739,Christine,Bell,Christine.Bell@cox-christensen.com
273185,Jessica,Smith,Jessica.Smith@huynh.org
987393,Melanie,Salazar,Melanie.Salazar@cook.net
922576,Laura,Smith,Laura.Smith@sanchez.com
576679,Emily,Oneill,Emily.Oneill@lloyd.com
752689,Melissa,Arnold,Melissa.Arnold@medina-winters.com
446920,Matthew,Cunningham,Matthew.Cunningham@perez-pierce.com
715246,Jesus,Murray,Jesus.Murray@bush.com
914221,Laurie,Kirby,Laurie.Kirby@martinez.com
703214,Jessica,Campbell,Jessica.Campbell@hall.com
489344,Steve,Green,Steve.Green@watson.com
243832,Jennifer,Gaines,Jennifer.Gaines@woods.com
563018,Jacqueline,Mcfarland,Jacqueline.Mcfarland@smith.com
529343,Abigail,Small,Abigail.Small@kirby.biz
794696,Charles,Brown,Charles.Brown@leonard-reed.info
436328,Christine,Sloan,Christine.Sloan@gonzalez-logan.info
424770,Kevin,Roberts,Kevin.Roberts@nelson.com
597294,Rebecca,Walton,Rebecca.Walton@white.com
275151,Hayden,Wolf,Hayden.Wolf@jacobs-bird.com
405911,Alexis,Palmer,Alexis.Palmer@clarke.com
365923,Eric,Jones,Eric.Jones@johnson.com
241443,Gregory,Fuller,Gregory.Fuller@howard.com
721336,Brandon,Martinez,Brandon.Martinez@matthews.com
850382,Courtney,Lewis,Courtney.Lewis@shaw.info
396352,Julia,Lewis,Julia.Lewis@hicks-taylor.com
837029,Cameron,Padilla,Cameron.Padilla@henry.com
430562,Jon,Nelson,Jon.Nelson@wright.com
290519,Andrea,Hernandez,Andrea.Hernandez@griffith.com
451878,Connor,Morton,Connor.Morton@simmons.com
551137,John,Figueroa,John.Figueroa@terry.org
520894,Kevin,Gomez,Kevin.Gomez@davis.biz
596039,Corey,Zimmerman,Corey.Zimmerman@galloway-cantu.com
391798,Lauren,Moody,Lauren.Moody@williams-matthews.org
216926,Nathan,Henderson,Nathan.Henderson@howard.com
543164,Matthew,Holmes,Matthew.Holmes@perez.info
952240,Frank,Graham,Frank.Graham@harris.com
130227,Justin,Evans,Justin.Evans@grimes.info
593135,Richard,Martinez,Richard.Martinez@ballard.com
139011,Richard,Lawrence,Richard.Lawrence@chapman.com
602586,Crystal,Carter,Crystal.Carter@johnson.com
375077,Kyle,Weber,Kyle.Weber@hayes.com
951202,Christina,Haney,Christina.Haney@smith.net
589198,Charles,Ho,Charles.Ho@washington.net
277098,Barbara,Wright,Barbara.Wright@benson.com
381600,Bethany,Booker,Bethany.Booker@johnson-smith.com
224262,Angela,Palmer,Angela.Palmer@jennings.com
738612,Mary,Adkins,Mary.Adkins@castro-vega.com
76577,Linda,Campbell,Linda.Campbell@crawford.org
673166,Cindy,Martin,Cindy.Martin@thomas.com
158254,Antonio,Christian,Antonio.Christian@taylor.net
965005,Laurie,Gibson,Laurie.Gibson@keller.com
830411,Ralph,Torres,Ralph.Torres@collier.biz
349897,Robert,Byrd,Robert.Byrd@simpson.com
219942,Patrick,Jennings,Patrick.Jennings@reyes.com
586046,Joel,Carter,Joel.Carter@rogers.biz
498287,Theresa,Rodriguez,Theresa.Rodriguez@johnson-farmer.com
106707,Roger,Green,Roger.Green@porter.biz
244855,Jason,Hansen,Jason.Hansen@harvey.com
808470,Vanessa,Nielsen,Vanessa.Nielsen@williams-martin.com
27223,Jake,Kim,Jake.Kim@nguyen.com
681156,Zachary,Patrick,Zachary.Patrick@kirby.com
251360,Juan,Valentine,Juan.Valentine@jackson-davis.net
324676,Allen,Velasquez,Allen.Velasquez@dudley.com
23700,Angela,Gordon,Angela.Gordon@herrera.com
183753,Lisa,Jackson,Lisa.Jackson@rodriguez-neal.com
125011,Lori,Sutton,Lori.Sutton@doyle.com
398031,Mark,Brown,Mark.Brown@lawrence-cunningham.com
267602,Lauren,Bradley,Lauren.Bradley@lewis-mueller.org
873961,Carl,Martinez,Carl.Martinez@clark.info
336616,Thomas,Gay,Thomas.Gay@walsh-smith.com
810501,Amber,Hicks,Amber.Hicks@curtis.com
956328,Joshua,Hopkins,Joshua.Hopkins@terry.com
580872,Tammy,Cole,Tammy.Cole@owens.net
288144,Wendy,Moreno,Wendy.Moreno@miller-perkins.com
377376,Samuel,Freeman,Samuel.Freeman@stewart-valdez.com
108597,Mitchell,Lowe,Mitchell.Lowe@burgess.com
515796,Barry,Taylor,Barry.Taylor@wilson.info
615314,Thomas,Davis,Thomas.Davis@rivera-sanders.com
835837,Rebecca,Gonzalez,Rebecca.Gonzalez@robertson.com
305327,Shawn,Gibson,Shawn.Gibson@bender.biz
540874,Patrick,Rodriguez,Patrick.Rodriguez@ward-ramirez.org
562055,Margaret,Carrillo,Margaret.Carrillo@short.com
480622,Kimberly,Stone,Kimberly.Stone@howe.com
385941,Mary,Clark,Mary.Clark@smith.com
154914,Glenda,Jones,Glenda.Jones@perkins-brown.com
830343,Matthew,Cooper,Matthew.Cooper@howell.com
848865,Sean,Nelson,Sean.Nelson@dunn.biz
710095,Heather,Byrd,Heather.Byrd@howard.org
48371,Jose,Blair,Jose.Blair@chen.biz
299541,Hannah,Lang,Hannah.Lang@nolan.com
507107,Ronnie,Roberts,Ronnie.Roberts@wells.com
885812,Scott,Taylor,Scott.Taylor@dixon.org
877727,Cynthia,Hart,Cynthia.Hart@frank-miller.net
595806,Jack,Burke,Jack.Burke@thompson.com
131310,Amanda,Sweeney,Amanda.Sweeney@bennett.com
307620,Gabrielle,Holt,Gabrielle.Holt@johnson.com
280565,Patrick,Smith,Patrick.Smith@wallace.com
7590,John,Hartman,John.Hartman@knapp.com
506364,Daniel,Anderson,Daniel.Anderson@gregory.net
872290,Jonathan,Edwards,Jonathan.Edwards@smith.com
458214,Jerry,Richard,Jerry.Richard@rodgers.biz
117069,Susan,Huffman,Susan.Huffman@bell.com
581073,Crystal,Johnson,Crystal.Johnson@gray.com
173086,Christopher,King,Christopher.King@townsend-carson.com
593994,Anne,Hawkins,Anne.Hawkins@torres.com
475981,Teresa,Myers,Teresa.Myers@williams.com
607475,Craig,Mercado,Craig.Mercado@hendrix.com
696171,Curtis,Macias,Curtis.Macias@daniels.net
621527,Sean,Jones,Sean.Jones@ali.info
105117,Christopher,Freeman,Christopher.Freeman@foster-flores.com
218965,Daniel,Greene,Daniel.Greene@clark-santiago.com
627483,Christina,Wilson,Christina.Wilson@becker-mccarthy.com
822552,Tara,Gonzalez,Tara.Gonzalez@gray-meyer.com
453139,Jennifer,Hayes,Jennifer.Hayes@villegas.biz
8819,Tina,Cruz,Tina.Cruz@holmes.com
312628,Cory,Lee,Cory.Lee@landry.info
550454,Andrew,Vargas,Andrew.Vargas@myers.com
652718,Connie,Mills,Connie.Mills@glover.biz
247129,Lindsey,Vang,Lindsey.Vang@knight.com
507091,Carla,Mayer,Carla.Mayer@briggs.com
777980,Cory,Mills,Cory.Mills@juarez-king.com
976305,Michael,Russo,Michael.Russo@ramirez.info
56633,Leslie,Johnson,Leslie.Johnson@sandoval.com
929100,Kendra,Garza,Kendra.Garza@miller.info
827223,Donna,Dawson,Donna.Dawson@hansen.info
107125,Jack,Anderson,Jack.Anderson@atkinson-reynolds.com
346347,Sara,Price,Sara.Price@reyes.net
83888,Sara,David,Sara.David@reyes-ray.com
280326,Anna,Snyder,Anna.Snyder@petty.com
464502,Virginia,Roberts,Virginia.Roberts@savage.com
19191,Troy,Williams,Troy.Williams@thomas.com
188865,Colleen,Cook,Colleen.Cook@robinson.com
944623,Brad,Tran,Brad.Tran@buckley.net
637720,Dylan,James,Dylan.James@moore.com
664705,Scott,Gardner,Scott.Gardner@taylor.com
833206,Donald,Ingram,Donald.Ingram@frazier.info
870462,David,Brown,David.Brown@walker-barnett.com
208331,Thomas,Gomez,Thomas.Gomez@schroeder-fuentes.net
12166,Hannah,Sherman,Hannah.Sherman@mcdonald.net
977051,Jeffery,Frank,Jeffery.Frank@jones.com
308073,Kayla,Porter,Kayla.Porter@smith.com
172590,Brenda,Adams,Brenda.Adams@mcmahon.biz
942397,Steven,Newton,Steven.Newton@palmer-atkins.biz
836932,Amanda,Gould,Amanda.Gould@smith-scott.info
377173,Justin,Lee,Justin.Lee@fields.com
755202,Erica,Graham,Erica.Graham@mclean.org
920743,Shannon,Gonzalez,Shannon.Gonzalez@austin-campbell.com
671686,Nicole,Whitaker,Nicole.Whitaker@moreno-jordan.com
159717,Bryan,Cooper,Bryan.Cooper@krause.com
875930,Robert,Hinton,Robert.Hinton@skinner.net
346445,Dominic,Scott,Dominic.Scott@marsh-rios.com
345617,Jennifer,Jones,Jennifer.Jones@white.com
456937,Deborah,Brock,Deborah.Brock@coffey.com
975428,Alicia,Ruiz,Alicia.Ruiz@flores-fletcher.org
214253,Diane,Brown,Diane.Brown@russell-cuevas.com
338819,David,Reilly,David.Reilly@williams-rodriguez.biz
307207,Bryan,Henry,Bryan.Henry@gardner-cardenas.com
129907,Larry,Williams,Larry.Williams@cooper.com
684464,Kimberly,Gomez,Kimberly.Gomez@mosley-williams.com
223959,Jaime,Mcclure,Jaime.Mcclure@marks-christian.net
130434,Sally,Olson,Sally.Olson@herrera-jordan.com
976568,Mariah,Harvey,Mariah.Harvey@ramos.biz
144108,Michelle,Strong,Michelle.Strong@garza.net
946267,Stephanie,Oneill,Stephanie.Oneill@lewis.info
927622,Mark,Sanders,Mark.Sanders@lambert.com
340931,Abigail,Matthews,Abigail.Matthews@ross.com
543544,Melissa,Martinez,Melissa.Martinez@meyer.com
254360,Marissa,Herman,Marissa.Herman@reynolds-freeman.net
37246,Sandra,Golden,Sandra.Golden@johnson-henderson.com
692582,Yolanda,Gates,Yolanda.Gates@becker.info
416477,Tammy,Taylor,Tammy.Taylor@johnston-willis.com
55903,Ryan,Roberts,Ryan.Roberts@burns-rangel.com
889840,Andrea,Garcia,Andrea.Garcia@adams-spence.net
128902,Carol,Baker,Carol.Baker@chavez.com
459226,Daniel,Johnson,Daniel.Johnson@wilson.info
881024,Brittney,Griffith,Brittney.Griffith@murray.biz
332867,Robert,Owens,Robert.Owens@melton-silva.com
112699,Kimberly,Macdonald,Kimberly.Macdonald@hayes.com
775183,Brenda,Wheeler,Brenda.Wheeler@williams-bond.com
87758,Nicholas,Williams,Nicholas.Williams@williamson.com
552627,Richard,Delgado,Richard.Delgado@sanchez-perry.com
241114,Julie,Clark,Julie.Clark@lynch.com
669241,Danielle,Peterson,Danielle.Peterson@evans.net
827566,Mitchell,Roman,Mitchell.Roman@brown.org
471091,Melissa,Morse,Melissa.Morse@myers.com
746910,Kimberly,Hayden,Kimberly.Hayden@gonzalez.com
255136,Kevin,Hinton,Kevin.Hinton@rivera.biz
222591,Joseph,Hawkins,Joseph.Hawkins@graham.com
500910,Scott,Roberts,Scott.Roberts@walker.org
912573,Brooke,Price,Brooke.Price@williams.info
971676,David,Gomez,David.Gomez@fernandez-pratt.net
816470,Katherine,Manning,Katherine.Manning@cook-parks.com
961509,Michael,May,Michael.May@oliver.biz
429147,Charles,Clarke,Charles.Clarke@kramer.net
370427,Bobby,Mendoza,Bobby.Mendoza@poole-abbott.com
557294,Virginia,Roberts,Virginia.Roberts@patrick-flores.com
515710,Bruce,Jackson,Bruce.Jackson@potts.net
385257,Brenda,Fischer,Brenda.Fischer@williams-barker.com
665926,Morgan,Brown,Morgan.Brown@deleon.com
736547,Bianca,Wood,Bianca.Wood@oliver.com
882230,Lindsey,Stewart,Lindsey.Stewart@anderson.com
380364,Timothy,Palmer,Timothy.Palmer@nolan-diaz.info
649973,Brian,Wallace,Brian.Wallace@larsen-williams.com
605351,Emily,Golden,Emily.Golden@gay.com
408290,Kellie,Hernandez,Kellie.Hernandez@martin.net
691213,John,Robinson,John.Robinson@davies-forbes.com
419668,Edgar,Hernandez,Edgar.Hernandez@alvarez-nguyen.info
672938,Heather,Alexander,Heather.Alexander@prince.com
574569,Jodi,Baker,Jodi.Baker@griffin-reeves.com
527296,April,Chandler,April.Chandler@terry.net
715996,Russell,Griffith,Russell.Griffith@chavez.com
46444,Kevin,Ray,Kevin.Ray@mitchell-watson.com
499826,Megan,Wilson,Megan.Wilson@beck-rodriguez.info
444567,Stephen,Lopez,Stephen.Lopez@morgan.org
399699,Lori,Anderson,Lori.Anderson@white.com
324561,Anne,Lane,Anne.Lane@garza.com
950848,Michael,Moody,Michael.Moody@davis.info
240835,Kenneth,Ortiz,Kenneth.Ortiz@smith.com
673234,Elizabeth,Gonzalez,Elizabeth.Gonzalez@franco-anderson.com
538315,Catherine,Morris,Catherine.Morris@rogers.com
679935,Debra,Gordon,Debra.Gordon@harvey.org
829233,Zachary,Gilbert,Zachary.Gilbert@herrera.com
803092,Jessica,Lewis,Jessica.Lewis@taylor.info
716081,Christopher,Barnett,Christopher.Barnett@wagner-wilson.com
47515,Catherine,Gonzales,Catherine.Gonzales@howe.com
468031,Paul,Snyder,Paul.Snyder@charles.biz
684485,Brenda,Lewis,Brenda.Lewis@edwards-kim.com
903181,Brandon,Kelly,Brandon.Kelly@snyder.com
178752,Kristine,Nguyen,Kristine.Nguyen@robinson-lopez.info
313676,Erin,Copeland,Erin.Copeland@ball.biz
728064,Darren,Padilla,Darren.Padilla@preston-hayes.info
62661,Steven,Ferrell,Steven.Ferrell@castillo.info
415347,Emily,Thornton,Emily.Thornton@adams.com
794683,James,Padilla,James.Padilla@krueger.com
875494,Tamara,Stein,Tamara.Stein@brewer-schultz.com
617623,Sara,Rivera,Sara.Rivera@gomez-sherman.biz
819418,Raymond,Walker,Raymond.Walker@fox.biz
116730,Corey,Andrews,Corey.Andrews@goodwin.com
619097,Sonia,Cross,Sonia.Cross@perry-smith.com
304833,Ronald,Miller,Ronald.Miller@hopkins-black.com
973590,Ashley,Anderson,Ashley.Anderson@villa.com
494517,James,Duffy,James.Duffy@lewis.biz
133671,Natasha,Lewis,Natasha.Lewis@price-montoya.com
401072,Zachary,Hill,Zachary.Hill@parks-miller.com
440626,Brenda,Hamilton,Brenda.Hamilton@floyd.com
17474,Monica,Rhodes,Monica.Rhodes@adams.biz
276593,Rachel,Johnson,Rachel.Johnson@taylor.net
902171,Lori,Mercer,Lori.Mercer@deleon.org
401468,Jacqueline,Cisneros,Jacqueline.Cisneros@williams.org
