User_id,User_first_name,User_last_name,User_email
187692,Eric,Mckinney,Eric.Mckinney@brock.org
760126,Devin,Armstrong,Devin.Armstrong@reyes.org
667483,Erin,Holland,Erin.Holland@schneider.com
737591,Lauren,Macdonald,Lauren.Macdonald@shaw.net
313592,Jason,Cross,Jason.Cross@hill.net
297645,Daniel,Small,Daniel.Small@fields.com
587510,Christopher,White,Christopher.White@rodriguez-rhodes.info
677973,Seth,Diaz,Seth.Diaz@shaw.com
720098,Michael,Hall,Michael.Hall@chase.com
762658,Stephen,Henderson,Stephen.Henderson@cain.com
914132,Sarah,Holmes,Sarah.Holmes@ortiz.info
274493,Gregory,Parker,Gregory.Parker@flynn-park.com
271712,Jocelyn,Dorsey,Jocelyn.Dorsey@martin-martin.net
11709,Andrea,Harvey,Andrea.Harvey@bennett-donovan.com
9266,Brandon,Ruiz,Brandon.Ruiz@delgado-herring.net
202619,Phillip,Nielsen,Phillip.Nielsen@smith.com
878548,Tyler,Khan,Tyler.Khan@houston-cohen.com
698607,Nicholas,Huerta,Nicholas.Huerta@robinson.org
968492,Stephanie,Davis,Stephanie.Davis@baird.org
975190,Christopher,Villegas,Christopher.Villegas@clark-oneill.net
151059,Gregory,Medina,Gregory.Medina@rogers-brooks.info
752803,Amanda,Smith,Amanda.Smith@rodriguez.com
929023,Deborah,Thompson,Deborah.Thompson@bowen-torres.com
389343,Erin,Jackson,Erin.Jackson@delgado-nguyen.com
44043,Tiffany,Murphy,Tiffany.Murphy@johnson.org
551566,Bryan,Medina,Bryan.Medina@dean.com
869933,Holly,Castillo,Holly.Castillo@hernandez.com
55473,James,Sawyer,James.Sawyer@thompson.com
432773,Sarah,Burke,Sarah.Burke@carney-king.com
199876,Eddie,Ingram,Eddie.Ingram@lane.biz
377070,Michael,Fowler,Michael.Fowler@jackson-brown.info
354129,Gary,Fritz,Gary.Fritz@rivera.info
629062,Joseph,Briggs,Joseph.Briggs@wyatt.biz
815378,Carrie,Ross,Carrie.Ross@bradley.com
243445,Kristina,Allen,Kristina.Allen@rice-sanchez.biz
941229,Nicole,Rogers,Nicole.Rogers@keller.com
624128,Savannah,Williams,Savannah.Williams@white.com
402921,Elizabeth,Miller,Elizabeth.Miller@moore.com
375729,Krystal,Molina,Krystal.Molina@cohen.info
275331,Christopher,Rogers,Christopher.Rogers@manning.net
627598,Troy,Henderson,Troy.Henderson@long.com
517109,Richard,Preston,Richard.Preston@johnson.net
207619,Kathryn,Chapman,Kathryn.Chapman@patterson.com
625201,Gregory,Rivers,Gregory.Rivers@murphy.info
517251,Johnathan,West,Johnathan.West@clayton-reed.com
234663,Kim,Thomas,Kim.Thomas@martin-taylor.com
402933,Melissa,Ramirez,Melissa.Ramirez@mitchell-marquez.com
58330,Brandy,Brown,Brandy.Brown@lucas.com
832504,Eric,Graham,Eric.Graham@mullins.com
528707,Mark,Sullivan,Mark.Sullivan@williams.com
866065,Matthew,Crawford,Matthew.Crawford@watkins.biz
512246,Rodney,Clark,Rodney.Clark@thomas.com
728074,Michael,Riggs,Michael.Riggs@martin.com
85452,Cynthia,Kelly,Cynthia.Kelly@webb-edwards.com
541221,Richard,Soto,Richard.Soto@galvan.com
300557,Jacob,Chan,Jacob.Chan@clark-greene.com
649322,Lauren,Hoover,Lauren.Hoover@carter-allen.biz
231159,Austin,Gomez,Austin.Gomez@griffin.com
930421,Christian,Guerra,Christian.Guerra@dennis-carlson.com
533485,Johnny,Gomez,Johnny.Gomez@acosta-ramirez.org
399297,Eric,Smith,Eric.Smith@zimmerman-copeland.com
726957,Barbara,Williams,Barbara.Williams@velazquez.com
512862,Erin,Stephens,Erin.Stephens@allen.com
562112,Michael,Lam,Michael.Lam@wilkins.biz
624343,Kathleen,Miller,Kathleen.Miller@espinoza.com
749635,Ian,Lin,Ian.Lin@romero.com
303370,Lucas,Coffey,Lucas.Coffey@davis.com
461033,Shawn,Moore,Shawn.Moore@harrison.com
420080,Margaret,English,Margaret.English@smith-ayers.com
141807,Nicole,Harvey,Nicole.Harvey@jimenez.com
582039,Thomas,Ross,Thomas.Ross@manning.com
876074,Ashley,Phillips,Ashley.Phillips@carpenter.biz
952640,Douglas,Figueroa,Douglas.Figueroa@collins-bautista.com
439855,Christian,Spence,Christian.Spence@navarro.com
168261,Richard,Bright,Richard.Bright@chung.com
61512,Amy,Anderson,Amy.Anderson@mcdonald.com
549069,Theresa,Hester,Theresa.Hester@moreno.com
616539,Mario,Weiss,Mario.Weiss@harmon.com
576065,Robert,Ali,Robert.Ali@clark.com
407390,Charles,Pope,Charles.Pope@browning-baldwin.com
643016,Joseph,Atkins,Joseph.Atkins@scott.biz
168097,Anthony,Hogan,Anthony.Hogan@bennett.net
859300,Veronica,Obrien,Veronica.Obrien@briggs.info
83524,Jessica,Rosales,Jessica.Rosales@ortega.com
763002,Nicholas,Scott,Nicholas.Scott@johnson.com
16334,Eric,Lester,Eric.Lester@olson.org
945443,Ana,Porter,Ana.Porter@sanchez.com
225352,Kevin,Munoz,Kevin.Munoz@woodward.org
957664,Dominic,Hayes,Dominic.Hayes@jones.org
838209,Sarah,Wolf,Sarah.Wolf@henson.com
248906,Ryan,Sims,Ryan.Sims@levine-chavez.net
628161,Nathan,Cook,Nathan.Cook@davis-baker.com
826085,Joseph,Barry,Joseph.Barry@ramsey-smith.com
663184,Kenneth,Garcia,Kenneth.Garcia@beard-blankenship.com
704145,Lori,Spencer,Lori.Spencer@reynolds-grant.com
448501,Jennifer,Wise,Jennifer.Wise@perez.biz
753109,Brandon,Lewis,Brandon.Lewis@allen-fleming.org
318071,Michael,Williams,Michael.Williams@york.info
162138,Anna,Cochran,Anna.Cochran@bray.com
109183,Hannah,Brown,Hannah.Brown@jimenez-luna.org
341421,Joe,Ruiz,Joe.Ruiz@dennis-diaz.biz
965894,John,Harmon,John.Harmon@graves.info
275444,Melissa,Gonzales,Melissa.Gonzales@white.com
352307,Rachel,Davis,Rachel.Davis@owens.com
985460,Olivia,Perry,Olivia.Perry@reynolds.com
408844,Tony,Gray,Tony.Gray@cox-ford.net
244353,Bryan,Medina,Bryan.Medina@gonzalez.com
571001,Sandra,Murphy,Sandra.Murphy@robinson.com
302333,Joy,Herrera,Joy.Herrera@patterson.com
596886,Teresa,Smith,Teresa.Smith@gardner.org
637950,Tiffany,Miller,Tiffany.Miller@price-landry.info
314304,Jonathan,Smith,Jonathan.Smith@patel-davis.com
790073,Grace,Perkins,Grace.Perkins@elliott.biz
285108,Ashley,Clark,Ashley.Clark@walls.com
256353,Nathan,Clark,Nathan.Clark@larsen-robertson.com
158320,Andrew,Torres,Andrew.Torres@nixon-rodriguez.biz
805980,Chad,Boyer,Chad.Boyer@phillips.com
938329,Joshua,Gray,Joshua.Gray@garcia-daniels.biz
757365,Matthew,Clark,Matthew.Clark@perez-matthews.com
782293,Jennifer,Williamson,Jennifer.Williamson@baird.com
849185,Steven,Foster,Steven.Foster@jones-ryan.net
353979,Angel,Smith,Angel.Smith@preston-bates.com
535640,Stephanie,Myers,Stephanie.Myers@potter-arias.com
663853,Brian,Mason,Brian.Mason@morris-perry.com
453086,Diana,Cox,Diana.Cox@carter.info
331205,Dawn,Floyd,Dawn.Floyd@rowe-johnson.com
615098,Justin,Lowe,Justin.Lowe@silva.com
383758,Sharon,Johnson,Sharon.Johnson@anderson-gardner.com
441762,Taylor,Maxwell,Taylor.Maxwell@pacheco.info
871973,Dominic,Mcdonald,Dominic.Mcdonald@whitney.org
698526,Thomas,Murphy,Thomas.Murphy@alexander.com
341007,Brittney,Hamilton,Brittney.Hamilton@greene.com
126357,Shawn,Weaver,Shawn.Weaver@flores-oliver.org
639284,Gary,Hurley,Gary.Hurley@higgins-walsh.net
929518,Beth,Lester,Beth.Lester@hubbard.net
164553,Amanda,Meyer,Amanda.Meyer@johnson-turner.com
508114,Martin,Ryan,Martin.Ryan@burnett.net
469434,Philip,Bradley,Philip.Bradley@jackson.com
636662,Sheryl,Lopez,Sheryl.Lopez@odom-jones.com
614436,Amanda,Sandoval,Amanda.Sandoval@davis.info
49311,Janice,Kline,Janice.Kline@anderson.com
524974,Robert,Ramirez,Robert.Ramirez@rodriguez-haynes.org
72454,Erica,Spence,Erica.Spence@parks-klein.com
897189,Megan,Harris,Megan.Harris@sullivan.info
615965,Michael,Bell,Michael.Bell@sexton-martinez.com
343458,Anthony,Stone,Anthony.Stone@fox-lopez.info
626249,Frank,Maldonado,Frank.Maldonado@lopez.net
232760,Daniel,Clark,Daniel.Clark@fisher-phillips.info
828964,Kimberly,Herrera,Kimberly.Herrera@johnson.com
712119,Sabrina,Bailey,Sabrina.Bailey@lamb.com
298603,Carla,Powers,Carla.Powers@miller.org
945832,Matthew,Benson,Matthew.Benson@scott.com
513212,Michelle,Brown,Michelle.Brown@chandler.com
316138,Christopher,Hebert,Christopher.Hebert@robertson.net
783672,Christopher,Pope,Christopher.Pope@rubio-goodwin.biz
129342,Jennifer,Berry,Jennifer.Berry@miller-mullen.biz
703551,Jennifer,Strong,Jennifer.Strong@valdez.com
281769,Anthony,Blake,Anthony.Blake@curtis.com
736763,Kevin,Carpenter,Kevin.Carpenter@thompson.com
133135,Troy,Scott,Troy.Scott@chen.com
225836,Katherine,Beck,Katherine.Beck@bowman.com
519509,Lisa,Phillips,Lisa.Phillips@martinez.info
573818,Victoria,Kim,Victoria.Kim@lucas.com
358889,John,Thomas,John.Thomas@hood.net
719464,Cynthia,Browning,Cynthia.Browning@johnson-wright.biz
667216,Larry,Holden,Larry.Holden@parker.com
734772,Michael,Jordan,Michael.Jordan@peters.net
292806,Joseph,Torres,Joseph.Torres@hatfield-perry.com
824926,Angela,Rodgers,Angela.Rodgers@mullins.com
630375,James,Cross,James.Cross@west.biz
476964,Jacob,Wright,Jacob.Wright@willis-roach.com
831199,Ann,Ramirez,Ann.Ramirez@olsen.org
802682,Nathan,Campbell,Nathan.Campbell@williams-terrell.com
352875,Derrick,Hodges,Derrick.Hodges@stout-clark.info
221748,Randy,Peters,Randy.Peters@miller.org
596970,Stephanie,Lewis,Stephanie.Lewis@colon.info
362141,Elizabeth,Reed,Elizabeth.Reed@arellano-zimmerman.com
977532,Jennifer,Shelton,Jennifer.Shelton@taylor.com
913227,Joel,Vega,Joel.Vega@brewer-key.com
757662,Steven,Smith,Steven.Smith@mccann-edwards.com
204206,Kayla,Becker,Kayla.Becker@hill-daniels.com
302679,Randy,Young,Randy.Young@lopez.org
676893,Rachel,Spears,Rachel.Spears@lopez-best.info
198058,James,Baldwin,James.Baldwin@sharp-reed.com
252698,Matthew,Brown,Matthew.Brown@page.com
562462,Andrew,Morton,Andrew.Morton@fuller.org
672814,Jessica,Thompson,Jessica.Thompson@smith.biz
708401,Gary,Becker,Gary.Becker@ellis.org
447029,Christine,Washington,Christine.Washington@stanley.org
523161,Jack,Boyer,Jack.Boyer@poole.com
995659,Allison,Haas,Allison.Haas@farley.org
477170,Travis,Berger,Travis.Berger@levine-tucker.com
687599,Shannon,Jefferson,Shannon.Jefferson@chang.info
132182,Cassandra,Jones,Cassandra.Jones@young-bruce.com
115567,Sherry,Alvarado,Sherry.Alvarado@white.com
735477,Brandon,Black,Brandon.Black@crawford.com
356371,Jordan,Beard,Jordan.Beard@moyer.com
971647,Anthony,Trevino,Anthony.Trevino@figueroa.com
261712,David,Marquez,David.Marquez@burns.com
548550,Shannon,Simpson,Shannon.Simpson@winters-chavez.com
237020,Shannon,Ross,Shannon.Ross@booth.com
912277,Adrian,Ross,Adrian.Ross@sanders.biz
509326,Maria,Hudson,Maria.Hudson@wells.com
549727,Darlene,Norris,Darlene.Norris@gardner.info
505073,Melissa,Boyer,Melissa.Boyer@perez.info
338550,Nicole,Deleon,Nicole.Deleon@martin.net
342109,Alicia,Peterson,Alicia.Peterson@taylor.com
360826,Julia,Duran,Julia.Duran@howard.org
90678,Ronald,Wheeler,Ronald.Wheeler@hughes.com
626427,Gina,Tran,Gina.Tran@bennett-molina.com
187426,Joshua,Jones,Joshua.Jones@kelley.com
746073,Mary,Smith,Mary.Smith@smith.info
359707,Megan,Christensen,Megan.Christensen@hernandez.info
281652,Charles,Moore,Charles.Moore@hunt-murphy.com
287864,Carol,Boyd,Carol.Boyd@jackson-montgomery.biz
839248,Maria,Aguilar,Maria.Aguilar@thompson.com
973863,Lydia,Hansen,Lydia.Hansen@williams.org
611953,Christopher,Wells,Christopher.Wells@perez.org
299221,Jessica,Ramirez,Jessica.Ramirez@jordan.net
918186,Christopher,Houston,Christopher.Houston@anderson-fischer.com
352101,Loretta,Massey,Loretta.Massey@campbell.com
289104,Alicia,Acosta,Alicia.Acosta@becker.com
624517,Jodi,Graham,Jodi.Graham@horn.com
661762,Juan,Brown,Juan.Brown@bennett.net
652523,Jackson,Hammond,Jackson.Hammond@moreno-gallegos.biz
177444,Regina,Romero,Regina.Romero@russell-archer.com
101079,Shannon,Arroyo,Shannon.Arroyo@hancock.com
788426,Kayla,Mathis,Kayla.Mathis@robinson-wade.com
498816,Evan,Nichols,Evan.Nichols@wilson-mitchell.com
405176,Christopher,Garcia,Christopher.Garcia@hill.com
155388,Andrea,Rose,Andrea.Rose@meyer.com
998780,Brittany,Gonzalez,Brittany.Gonzalez@sanford.com
277775,James,Davis,James.Davis@miller.biz
201728,William,Johnson,William.Johnson@swanson.com
734060,Melissa,Thompson,Melissa.Thompson@moss-arias.com
426152,Sara,Miller,Sara.Miller@hendricks-warren.com
879086,Joseph,Ferguson,Joseph.Ferguson@cruz.com
169410,Crystal,Shepard,Crystal.Shepard@robinson.info
152961,Jimmy,Peterson,Jimmy.Peterson@huff-elliott.com
593694,Selena,Jones,Selena.Jones@mata-bell.com
975957,Mary,Smith,Mary.Smith@howell.com
234495,Mary,Khan,Mary.Khan@patel-rios.com
595287,Michael,Smith,Michael.Smith@carroll.com
514973,Danielle,Hicks,Danielle.Hicks@sullivan.com
502868,Jennifer,Kim,Jennifer.Kim@casey.biz
94240,Alexandria,Simpson,Alexandria.Simpson@bradford.net
799363,Richard,Porter,Richard.Porter@terry-thomas.org
819224,Benjamin,Jones,Benjamin.Jones@anderson.com
690491,Thomas,Deleon,Thomas.Deleon@hamilton.info
747182,Amber,Lopez,Amber.Lopez@johnson-stewart.com
455227,Nicole,Bird,Nicole.Bird@hall.info
442619,David,Smith,David.Smith@gutierrez.net
659356,Teresa,Smith,Teresa.Smith@odonnell-bishop.com
922365,Paul,Pena,Paul.Pena@richardson.org
60023,Patricia,Moyer,Patricia.Moyer@medina.com
21985,Anna,Page,Anna.Page@sanders-larson.biz
344213,Benjamin,Yu,Benjamin.Yu@sanchez.biz
79980,Melissa,Duffy,Melissa.Duffy@logan.com
591496,Brandon,Phillips,Brandon.Phillips@ramos.com
436886,David,Robles,David.Robles@hampton.biz
464134,Joshua,Terrell,Joshua.Terrell@singh.com
415167,Glenn,White,Glenn.White@torres-young.info
590913,Michael,Allen,Michael.Allen@green-tapia.com
883530,Taylor,Hensley,Taylor.Hensley@mills.net
247688,Sandra,Jackson,Sandra.Jackson@jackson-smith.com
194043,Johnny,Martin,Johnny.Martin@sanchez-solomon.com
264007,William,Thompson,William.Thompson@weiss.com
877020,Carly,Harris,Carly.Harris@chavez.com
372899,Stephen,Arnold,Stephen.Arnold@oneal-williams.com
245278,Jessica,Brown,Jessica.Brown@farley-reed.com
186841,Tina,Osborne,Tina.Osborne@norman.org
207457,James,Fletcher,James.Fletcher@lane-duncan.com
44099,Vanessa,Walker,Vanessa.Walker@taylor.net
442729,Susan,Mayo,Susan.Mayo@smith-garrett.com
661567,Jacqueline,Stanley,Jacqueline.Stanley@jackson.com
343939,Nathan,Winters,Nathan.Winters@jordan.net
61403,Michael,Davis,Michael.Davis@davis-cole.biz
384254,Pamela,Carrillo,Pamela.Carrillo@gonzalez.com
586103,Katherine,Williamson,Katherine.Williamson@kelly.com
868861,Jessica,Nguyen,Jessica.Nguyen@nash.com
61122,Christopher,Hubbard,Christopher.Hubbard@reyes.com
719862,Brian,Salas,Brian.Salas@davis.net
281904,Gregory,Davis,Gregory.Davis@pineda.com
713922,Christopher,Smith,Christopher.Smith@diaz.net
236573,Lauren,Foster,Lauren.Foster@stewart-frost.biz
106122,Kimberly,White,Kimberly.White@galloway-holmes.com
352876,Jennifer,Duncan,Jennifer.Duncan@moore.com
640906,Dalton,Deleon,Dalton.Deleon@green.com
617967,Christina,Frost,Christina.Frost@gardner.com
427133,Jordan,Williams,Jordan.Williams@phillips.com
27028,Valerie,Walker,Valerie.Walker@carter.com
267789,Pamela,Hodges,Pamela.Hodges@taylor-schmidt.biz
654052,William,Cooper,William.Cooper@terry.com
155535,Christian,Miller,Christian.Miller@mendoza.biz
869028,Joseph,Madden,Joseph.Madden@robinson.info
429198,Sheila,Miller,Sheila.Miller@burns.com
307891,Ashley,Harris,Ashley.Harris@roman.com
973329,Bryan,Huffman,Bryan.Huffman@rodriguez-sutton.com
831877,Brittany,Hernandez,Brittany.Hernandez@rodriguez.com
111209,George,Blair,George.Blair@vincent-pittman.biz
663039,Kelsey,Mccarty,Kelsey.Mccarty@smith.com
491831,Heather,Abbott,Heather.Abbott@hubbard.com
409694,Francisco,Avila,Francisco.Avila@jones.com
330871,Michael,Harvey,Michael.Harvey@carter.biz
184439,Kristina,Liu,Kristina.Liu@weaver-young.com
132545,Sabrina,Rodriguez,Sabrina.Rodriguez@reeves.com
426494,Joe,Barnes,Joe.Barnes@brown-sullivan.com
294672,Antonio,Middleton,Antonio.Middleton@lamb.com
838890,Jean,Palmer,Jean.Palmer@frazier.com
107184,Robert,Ford,Robert.Ford@wilkinson-adkins.biz
634667,Glenn,Velazquez,Glenn.Velazquez@johnson-allison.com
188082,Christina,Kim,Christina.Kim@krueger.com
146303,Jean,Castro,Jean.Castro@clark.com
859212,Matthew,Martin,Matthew.Martin@hawkins.com
474232,Brittany,Torres,Brittany.Torres@larsen-edwards.com
322473,Thomas,Munoz,Thomas.Munoz@oneill.net
611754,Lindsay,Rowland,Lindsay.Rowland@hernandez.com
690567,Andre,Baker,Andre.Baker@combs-wilson.info
902812,William,Taylor,William.Taylor@thomas.org
457944,Meghan,Lester,Meghan.Lester@barnett.com
548977,Jennifer,Blair,Jennifer.Blair@bradley.net
612873,Melissa,Berry,Melissa.Berry@herrera.com
551667,Andre,Lawson,Andre.Lawson@sanchez-warner.com
958472,Ryan,Jones,Ryan.Jones@davis-koch.com
754131,Brandon,Moore,Brandon.Moore@ballard-raymond.com
165679,Ann,Henry,Ann.Henry@shelton-diaz.com
806482,Laura,White,Laura.White@price.com
965625,Ricky,Woods,Ricky.Woods@holmes.com
472028,Karen,Calderon,Karen.Calderon@rhodes.com
905820,Anthony,Phillips,Anthony.Phillips@hill.com
97797,Kimberly,Jackson,Kimberly.Jackson@jackson-figueroa.com
743872,Bradley,Anderson,Bradley.Anderson@parker.com
403649,Jay,Haynes,Jay.Haynes@allen.com
813016,Christina,Murphy,Christina.Murphy@vargas-escobar.net
652194,Johnathan,Sanders,Johnathan.Sanders@brandt-harris.org
899890,Paul,Lane,Paul.Lane@house.org
878149,Cody,Barnett,Cody.Barnett@martin.com
418577,Mark,Williams,Mark.Williams@palmer-hall.com
98250,Dawn,Sanchez,Dawn.Sanchez@guzman.com
856716,Sheila,Collins,Sheila.Collins@kramer.com
322616,Ronald,Myers,Ronald.Myers@johnson-garcia.com
752070,Sara,Martinez,Sara.Martinez@garcia-green.com
567324,Justin,Cortez,Justin.Cortez@bates.info
489191,Paul,Richards,Paul.Richards@fernandez.net
921357,Amanda,Norman,Amanda.Norman@greene.com
797,Destiny,Long,Destiny.Long@deleon.com
860211,Lauren,Clayton,Lauren.Clayton@newman-leon.info
549583,Kathryn,Allen,Kathryn.Allen@reeves-miller.biz
105988,Daniel,Doyle,Daniel.Doyle@oliver.info
267905,Shawn,Mckay,Shawn.Mckay@bailey.com
952504,Richard,Butler,Richard.Butler@jones.info
409785,Lisa,Barrett,Lisa.Barrett@walter.info
881613,Randy,Moreno,Randy.Moreno@johnson.com
855938,Alexis,Garcia,Alexis.Garcia@cole-cohen.com
118622,Linda,Smith,Linda.Smith@jenkins-hall.com
768525,Brittany,Rich,Brittany.Rich@figueroa.com
689371,William,Mcdowell,William.Mcdowell@martinez.com
229538,John,Davis,John.Davis@buchanan.com
682775,Brandy,Townsend,Brandy.Townsend@mendoza.com
251081,Julia,Johnson,Julia.Johnson@sharp.org
271331,Veronica,Jones,Veronica.Jones@rodriguez.com
809018,Christina,Brown,Christina.Brown@smith-hernandez.com
809224,Linda,Miles,Linda.Miles@walker.com
253449,Janet,Baker,Janet.Baker@sharp.com
10934,Michele,Mckinney,Michele.Mckinney@nguyen.org
118388,Ronald,Carpenter,Ronald.Carpenter@martinez.com
622626,Charles,Lawson,Charles.Lawson@taylor.com
851964,Alan,Fuentes,Alan.Fuentes@miller.com
684985,Logan,Lambert,Logan.Lambert@white-harvey.biz
190766,Wendy,Thomas,Wendy.Thomas@scott.com
129186,Shawn,Sullivan,Shawn.Sullivan@walsh-hudson.com
572069,Michael,Ellis,Michael.Ellis@shah-roach.com
293262,Veronica,Grant,Veronica.Grant@dawson.com
129198,Kristen,Lewis,Kristen.Lewis@patton-thompson.org
994732,Sarah,Estrada,Sarah.Estrada@cox-navarro.com
135631,Michael,Wolf,Michael.Wolf@price-williams.com
337779,Steven,Price,Steven.Price@berg-henson.com
826630,Benjamin,Thompson,Benjamin.Thompson@jones.info
269363,Paige,Hale,Paige.Hale@koch.com
604650,Dustin,Barry,Dustin.Barry@gibson-edwards.info
155887,Trevor,Leonard,Trevor.Leonard@roberts.org
286528,Connor,Johnson,Connor.Johnson@marsh.com
956595,Lauren,Johnson,Lauren.Johnson@lewis-gonzales.info
240992,Nicole,Sanchez,Nicole.Sanchez@gomez.biz
764848,Nicholas,Benton,Nicholas.Benton@sutton.com
349880,Savannah,Stewart,Savannah.Stewart@estes-brown.org
868178,Dawn,Larsen,Dawn.Larsen@berry.com
86576,Robert,Burke,Robert.Burke@avila.com
405477,Tasha,Smith,Tasha.Smith@garrett.info
151776,Brian,Daniel,Brian.Daniel@griffin.info
791616,Eduardo,Swanson,Eduardo.Swanson@brown.com
23392,Jeffery,Decker,Jeffery.Decker@goodwin.biz
220913,Robert,Howard,Robert.Howard@murray.biz
469661,Brandon,Anthony,Brandon.Anthony@klein.com
978135,Alicia,Wilson,Alicia.Wilson@oliver.com
654888,John,Ellis,John.Ellis@smith.biz
863647,Rebecca,Thompson,Rebecca.Thompson@miller.info
211588,Amanda,Fields,Amanda.Fields@mason.org
477539,Sheena,Garcia,Sheena.Garcia@crawford.com
858474,Sean,Palmer,Sean.Palmer@gonzales.com
104988,James,Johnson,James.Johnson@miller.com
92226,Sara,Schneider,Sara.Schneider@villa.com
665125,Thomas,Roman,Thomas.Roman@leach.biz
423499,Tina,Smith,Tina.Smith@riley-powers.com
296968,Ashley,Marshall,Ashley.Marshall@ferguson.org
336838,Julie,Lee,Julie.Lee@williams.com
938171,Pamela,Collins,Pamela.Collins@sawyer.info
47835,Jose,Ochoa,Jose.Ochoa@moore-kelley.biz
930988,Jacob,Torres,Jacob.Torres@chan.com
696284,Daniel,Mcdonald,Daniel.Mcdonald@patterson.com
369680,Mallory,Gomez,Mallory.Gomez@morrow-payne.net
435172,Devin,Bell,Devin.Bell@avery-pearson.com
148797,Keith,Smith,Keith.Smith@bailey-myers.com
62918,Pamela,Reed,Pamela.Reed@bradley.com
124809,Thomas,Brown,Thomas.Brown@patterson.biz
523995,Daniel,Williams,Daniel.Williams@williams.org
268114,Adrian,Robinson,Adrian.Robinson@smith.com
800016,Laura,Alexander,Laura.Alexander@stewart.info
535990,Laura,Salas,Laura.Salas@phelps.net
785739,Oscar,Lane,Oscar.Lane@obrien.com
972179,Samantha,Garcia,Samantha.Garcia@rojas.com
399313,Rebecca,Snyder,Rebecca.Snyder@lee.info
727154,Nathaniel,Jackson,Nathaniel.Jackson@hughes-norris.info
368856,Daniel,King,Daniel.King@jackson-trujillo.com
687576,Jose,Wilson,Jose.Wilson@montoya-reed.com
751547,Larry,Keith,Larry.Keith@thompson.net
918984,Patricia,Hill,Patricia.Hill@harrington.com
286817,John,Perez,John.Perez@weber-mccall.com
376501,Stacey,Garcia,Stacey.Garcia@wright.net
975893,John,Chapman,John.Chapman@melton.net
762500,Ian,Brooks,Ian.Brooks@cook.info
612092,Nicole,Davis,Nicole.Davis@fischer.com
50436,Teresa,Johnson,Teresa.Johnson@blevins.com
623166,Angela,Johnson,Angela.Johnson@ferrell.org
168360,Shawn,Miller,Shawn.Miller@kelly.com
994649,Matthew,Owens,Matthew.Owens@jones.com
523186,Daniel,Howard,Daniel.Howard@baker.com
611037,Nancy,Glover,Nancy.Glover@brooks.net
873313,Nicole,Diaz,Nicole.Diaz@perez.org
668811,Deborah,Ashley,Deborah.Ashley@lucas.com
944529,Jillian,Brewer,Jillian.Brewer@pierce-miller.com
419729,Logan,Hernandez,Logan.Hernandez@rice-ramirez.net
628356,Steven,Palmer,Steven.Palmer@clark.com
744184,Eric,Rose,Eric.Rose@hill-ford.com
862137,Kristen,Castillo,Kristen.Castillo@mcgee.info
72907,Elizabeth,Gonzalez,Elizabeth.Gonzalez@mooney.com
945172,Victoria,Sanders,Victoria.Sanders@graham-mills.com
670319,Justin,Ayers,Justin.Ayers@love-alvarez.biz
194737,Diane,Rhodes,Diane.Rhodes@strickland.biz
122900,Lisa,Sloan,Lisa.Sloan@english-cohen.com
705800,David,Tran,David.Tran@schroeder.com
155054,Frances,Coleman,Frances.Coleman@tyler.com
322136,Holly,Villa,Holly.Villa@harrison.com
851549,Kathryn,Hodge,Kathryn.Hodge@sutton-hansen.com
912280,Jessica,Bailey,Jessica.Bailey@smith-clark.com
436052,Judith,Torres,Judith.Torres@gordon.com
747743,Amanda,Thomas,Amanda.Thomas@mckay.com
664265,Amy,Harper,Amy.Harper@reese.net
487453,Timothy,Robinson,Timothy.Robinson@merritt-conrad.biz
978185,Sherry,Williams,Sherry.Williams@gonzalez.com
326157,Beth,Carey,Beth.Carey@randall-stout.com
524347,Dana,Payne,Dana.Payne@cruz.com
534043,Cheryl,Li,Cheryl.Li@beard.com
209448,Thomas,Gardner,Thomas.Gardner@bright.com
601909,Robert,Vasquez,Robert.Vasquez@jones.com
684227,Ronald,Mitchell,Ronald.Mitchell@hill.biz
661195,Darryl,Bryant,Darryl.Bryant@jones.com
985282,Michael,Morrison,Michael.Morrison@anderson.net
987389,Jessica,Flores,Jessica.Flores@walsh.com
845843,Frank,Long,Frank.Long@alvarado-matthews.com
387661,Cassandra,Gonzalez,Cassandra.Gonzalez@fuller.org
539710,Debbie,Deleon,Debbie.Deleon@lynn.info
431856,Aaron,Kerr,Aaron.Kerr@peterson.org
628410,Jason,Santana,Jason.Santana@brooks-rodriguez.biz
569279,Amber,Higgins,Amber.Higgins@meyer.com
259825,Tonya,Stark,Tonya.Stark@white.com
775363,James,Hudson,James.Hudson@ford-gutierrez.org
836380,Sandra,Shepherd,Sandra.Shepherd@williams.com
852813,Samantha,Rodriguez,Samantha.Rodriguez@christensen-miller.com
843961,Brian,Williams,Brian.Williams@jackson.com
683489,Scott,Murphy,Scott.Murphy@bryan.info
85548,Sarah,Taylor,Sarah.Taylor@palmer.org
176270,Justin,Gray,Justin.Gray@valencia-smith.com
159534,Judith,Valdez,Judith.Valdez@phillips.com
5220,Matthew,Johnson,Matthew.Johnson@mitchell.com
665320,Keith,Huffman,Keith.Huffman@wright.biz
181928,Danielle,Medina,Danielle.Medina@hamilton-rhodes.net
633378,Joan,Gordon,Joan.Gordon@cox.com
59782,Anthony,Frazier,Anthony.Frazier@walker-rogers.net
169886,Jessica,Vargas,Jessica.Vargas@peters-phillips.com
70317,Stacy,Adams,Stacy.Adams@jones.net
854820,Brenda,Knight,Brenda.Knight@gallegos-mercado.org
523148,Alicia,Hamilton,Alicia.Hamilton@bush.com
378773,Valerie,Ford,Valerie.Ford@woodard-rogers.com
40867,Caleb,Davis,Caleb.Davis@warren.com
420481,Sally,Page,Sally.Page@wright.com
691656,Angela,Hammond,Angela.Hammond@curry.net
832528,Krystal,Wagner,Krystal.Wagner@kim-bell.org
466013,Kristin,Williams,Kristin.Williams@smith.com
315519,Katie,Estrada,Katie.Estrada@torres.info
492704,Nicole,Oliver,Nicole.Oliver@murphy-martin.com
305487,Pamela,Navarro,Pamela.Navarro@miller.org
848110,Brittany,Moreno,Brittany.Moreno@clark-jackson.com
48492,Darius,Baker,Darius.Baker@gonzalez.com
9703,Zachary,Stevenson,Zachary.Stevenson@reyes.info
121772,Raymond,May,Raymond.May@poole.com
245532,Kristopher,Harding,Kristopher.Harding@beasley.com
632817,Katelyn,Soto,Katelyn.Soto@henry.com
922849,Samantha,Smith,Samantha.Smith@adams.com
370953,Nicholas,Simmons,Nicholas.Simmons@moore.org
787392,Daniel,Parsons,Daniel.Parsons@oneill.com
46982,David,Taylor,David.Taylor@green.info
576609,Sue,Walker,Sue.Walker@scott.biz
857159,Diane,Mclaughlin,Diane.Mclaughlin@gonzalez-ford.com
507783,Jamie,Cochran,Jamie.Cochran@kaiser.info
450808,Matthew,Norris,Matthew.Norris@duran.com
450246,Mary,Giles,Mary.Giles@kemp-martin.com
242500,James,Barnes,James.Barnes@ellis.biz
606202,Ashley,Bryant,Ashley.Bryant@moon-peterson.net
794890,Christopher,Mullen,Christopher.Mullen@powell-howell.com
794864,Gavin,Soto,Gavin.Soto@daniels.com
292603,Noah,Johnson,Noah.Johnson@odonnell.com
540759,Holly,Wade,Holly.Wade@rivera.com
248263,Michael,Williams,Michael.Williams@ballard.com
755626,Daniel,Andrade,Daniel.Andrade@lewis.org
599678,Rebecca,Wood,Rebecca.Wood@stewart.com
197142,Cheryl,Rosales,Cheryl.Rosales@vasquez.com
313068,Chad,Young,Chad.Young@taylor.org
279293,Angela,Garcia,Angela.Garcia@white.net
830395,Steven,Thomas,Steven.Thomas@tyler.org
884364,Tiffany,Sanchez,Tiffany.Sanchez@garrison.com
358963,Joseph,Velazquez,Joseph.Velazquez@chavez-maldonado.com
602087,Shelly,Smith,Shelly.Smith@graham.com
584914,Michelle,Hughes,Michelle.Hughes@moore.com
265849,Lance,Lawson,Lance.Lawson@wright.com
584572,Kelly,Warner,Kelly.Warner@brown.info
502965,Shelby,George,Shelby.George@jones.com
542695,Ryan,Patterson,Ryan.Patterson@wilson.net
560800,Cynthia,Brown,Cynthia.Brown@thompson.com
938486,Samantha,Scott,Samantha.Scott@melton-thomas.com
378567,Lisa,Mathis,Lisa.Mathis@phillips.com
577722,Karen,Parker,Karen.Parker@robinson-armstrong.com
832361,Brian,Cole,Brian.Cole@kim.net
728936,Wendy,Rodriguez,Wendy.Rodriguez@fisher.net
24730,Charles,Coleman,Charles.Coleman@williams-nolan.com
784801,Benjamin,Dyer,Benjamin.Dyer@mendez.com
156225,Nicholas,Dennis,Nicholas.Dennis@tyler.com
53575,Lance,Barry,Lance.Barry@robertson.info
665196,Michael,Aguilar,Michael.Aguilar@krueger.info
983350,Michelle,Lawson,Michelle.Lawson@woods.net
447593,David,Smith,David.Smith@spencer-cruz.com
363735,Bruce,Moreno,Bruce.Moreno@ramirez.com
555731,Jake,Marshall,Jake.Marshall@norton.com
505048,Erica,Camacho,Erica.Camacho@bonilla-brown.com
688150,Kimberly,Henry,Kimberly.Henry@mcdonald.com
875214,Michael,Thompson,Michael.Thompson@campbell.com
840959,Annette,King,Annette.King@jenkins-jones.net
732246,Justin,Obrien,Justin.Obrien@smith.com
812232,Brenda,Dixon,Brenda.Dixon@russo.com
143649,Rachel,Aguirre,Rachel.Aguirre@schwartz.com
502093,Catherine,Howard,Catherine.Howard@morris.com
843193,Joshua,Shea,Joshua.Shea@perry.com
326601,Shawn,Murray,Shawn.Murray@woodard.org
858229,Erin,Barron,Erin.Barron@krause.com
811989,George,Wilson,George.Wilson@herrera.net
251345,Adrian,Waller,Adrian.Waller@hodge.net
285195,Nathan,Mcintosh,Nathan.Mcintosh@washington-harper.net
165759,Rebecca,Brandt,Rebecca.Brandt@cox.biz
802953,Nicole,Welch,Nicole.Welch@roberts.com
654879,Robert,Clark,Robert.Clark@turner.com
823101,Zachary,Flowers,Zachary.Flowers@mcintyre-woods.com
967493,Heather,Neal,Heather.Neal@hardin-fleming.com
699101,Jordan,Lynch,Jordan.Lynch@chandler-woodward.com
978570,James,Robinson,James.Robinson@castillo-howard.info
62509,Debbie,Johnson,Debbie.Johnson@frank.com
973136,Patrick,Evans,Patrick.Evans@nelson.org
302562,Theresa,Johnston,Theresa.Johnston@ross-benton.com
167238,Christina,Anderson,Christina.Anderson@park.com
914313,Donald,Moreno,Donald.Moreno@conway.info
966294,Christian,Mills,Christian.Mills@roberts.net
267050,Edward,Cruz,Edward.Cruz@lee.com
924146,Tracy,Murray,Tracy.Murray@reyes.com
540900,Robert,Combs,Robert.Combs@cox.info
696631,Zachary,Mcdonald,Zachary.Mcdonald@russell-moore.com
130388,Jonathan,Taylor,Jonathan.Taylor@sullivan.com
578302,Stacie,Hines,Stacie.Hines@sutton.com
57074,Ryan,Murray,Ryan.Murray@harvey-gonzalez.com
394091,Vickie,Miller,Vickie.Miller@miller.org
945511,Rachel,Burch,Rachel.Burch@boyle.biz
273952,Peter,Lewis,Peter.Lewis@archer.com
939688,Kim,Jarvis,Kim.Jarvis@elliott-parker.info
468264,Taylor,Anderson,Taylor.Anderson@henderson-neal.com
12153,Rebecca,Jenkins,Rebecca.Jenkins@ellis-adams.com
234097,Raymond,Garcia,Raymond.Garcia@leonard-campbell.com
432340,Ashley,Johnson,Ashley.Johnson@ingram-leonard.com
146638,Stephen,Whitaker,Stephen.Whitaker@holland.info
838159,Mary,Miller,Mary.Miller@anderson-hughes.com
584135,Rachel,Coleman,Rachel.Coleman@mejia.com
132002,Steve,Jackson,Steve.Jackson@anderson.com
373689,Michael,Peterson,Michael.Peterson@brown-jones.com
830623,Justin,Anderson,Justin.Anderson@rivers.com
94535,Tina,Sosa,Tina.Sosa@cobb.com
106377,Philip,Smith,Philip.Smith@jones.info
763573,Carla,Gill,Carla.Gill@carter.biz
778114,William,Roberts,William.Roberts@pham-johnson.com
750798,Kimberly,Medina,Kimberly.Medina@king.com
372354,Heather,Romero,Heather.Romero@herrera-everett.com
554173,Susan,Gordon,Susan.Gordon@gould-rose.net
859366,Alexis,Martinez,Alexis.Martinez@solomon.biz
925596,Robert,Ramirez,Robert.Ramirez@gray-walters.com
358751,James,Perez,James.Perez@hernandez.net
118771,Deborah,Gregory,Deborah.Gregory@michael-turner.biz
772488,Joshua,Parsons,Joshua.Parsons@williams-guerrero.info
549766,Jessica,Noble,Jessica.Noble@smith.com
306646,Sara,Copeland,Sara.Copeland@weber.biz
552655,James,Dillon,James.Dillon@smith.net
642833,Darren,Ortiz,Darren.Ortiz@ramirez.com
484388,Shelly,Brown,Shelly.Brown@lewis.com
101819,Nancy,Smith,Nancy.Smith@brown.com
673158,Sarah,Berry,Sarah.Berry@wallace.com
498093,William,Rhodes,William.Rhodes@higgins.com
850745,Mariah,Franklin,Mariah.Franklin@sellers.org
519729,Tina,Olsen,Tina.Olsen@smith-ramirez.com
460559,Stephen,Barr,Stephen.Barr@scott.com
586812,Diamond,Lucas,Diamond.Lucas@james.biz
790001,Stacey,Tate,Stacey.Tate@williams-mendoza.biz
74360,Gina,Williams,Gina.Williams@villegas.net
511023,Brian,Macdonald,Brian.Macdonald@erickson-griffith.org
398737,Michael,Martin,Michael.Martin@morris.biz
217887,Eric,Peterson,Eric.Peterson@maynard.info
604539,Whitney,Jensen,Whitney.Jensen@knight.com
730268,Rhonda,Gallagher,Rhonda.Gallagher@robertson.biz
92237,Megan,Gibson,Megan.Gibson@smith-williams.biz
997633,Christopher,Thomas,Christopher.Thomas@george.com
907711,Garrett,Boyd,Garrett.Boyd@west-gibson.org
198175,Alexander,Walker,Alexander.Walker@glover-williams.net
622963,Alexander,Rose,Alexander.Rose@deleon.com
934206,Michelle,Wolfe,Michelle.Wolfe@thomas-williams.com
750942,Larry,Murphy,Larry.Murphy@robinson.biz
553462,Nicole,Duffy,Nicole.Duffy@martinez-stephens.com
897935,David,Harris,David.Harris@davis.net
971550,Patricia,Young,Patricia.Young@hernandez.org
980976,Crystal,Harper,Crystal.Harper@salazar.com
905980,Carrie,Paul,Carrie.Paul@mills.com
321326,Tamara,Castaneda,Tamara.Castaneda@daniel.net
818452,Mark,Williams,Mark.Williams@long-kline.com
580138,Sara,Cervantes,Sara.Cervantes@hansen.com
755110,Carl,Rojas,Carl.Rojas@hodges.info
899069,Mindy,Lewis,Mindy.Lewis@lambert-taylor.net
120870,Brittany,Green,Brittany.Green@smith.biz
354544,Makayla,Gonzales,Makayla.Gonzales@andrews.org
852288,Jennifer,Morris,Jennifer.Morris@thomas-bailey.net
301855,Kimberly,Morris,Kimberly.Morris@russell-ramirez.org
159950,David,Wolfe,David.Wolfe@ochoa.info
13684,Megan,Short,Megan.Short@smith.com
659114,Mary,Bruce,Mary.Bruce@logan.com
196946,Megan,Newton,Megan.Newton@silva-thompson.com
260035,Julia,Hernandez,Julia.Hernandez@harris-patterson.com
256950,Scott,Cooke,Scott.Cooke@benson.com
855633,James,Bass,James.Bass@evans.biz
688456,Kara,Newton,Kara.Newton@dominguez.com
692578,Jeremy,Mills,Jeremy.Mills@contreras.com
453435,Thomas,Davies,Thomas.Davies@reed.com
50156,Shelia,Clarke,Shelia.Clarke@cisneros.info
77516,Mark,Watts,Mark.Watts@carpenter.com
177631,Thomas,Cummings,Thomas.Cummings@house.com
473234,Rachel,Castillo,Rachel.Castillo@short-jones.net
528542,Patrick,Larson,Patrick.Larson@webb-gordon.net
616902,Andrea,Krueger,Andrea.Krueger@wheeler.com
526909,Darryl,Robinson,Darryl.Robinson@jones.com
472106,Ryan,Rodriguez,Ryan.Rodriguez@liu.org
892725,Paula,Jackson,Paula.Jackson@leonard-montoya.com
554178,Justin,Rodriguez,Justin.Rodriguez@lee.com
976315,Maria,King,Maria.King@hayes-best.com
912783,Corey,Reese,Corey.Reese@johnson.com
140950,Miranda,Choi,Miranda.Choi@wiley-wilson.com
465366,Kevin,Sullivan,Kevin.Sullivan@cruz.com
385436,Tony,Goodwin,Tony.Goodwin@nguyen.info
431744,Jose,Monroe,Jose.Monroe@turner-larson.com
787005,Ralph,Campbell,Ralph.Campbell@schneider-schneider.com
80551,James,Mccullough,James.Mccullough@thompson.biz
749106,Alfred,Stevenson,Alfred.Stevenson@valencia-hobbs.com
466859,Brian,Martinez,Brian.Martinez@johnson-miller.com
880523,Thomas,Joseph,Thomas.Joseph@walker.com
888503,Miranda,Wheeler,Miranda.Wheeler@wheeler-harris.biz
86785,Peter,Collins,Peter.Collins@alvarado.com
923476,Kimberly,King,Kimberly.King@lopez.com
318212,Mary,Stephenson,Mary.Stephenson@brown.biz
279322,Jessica,Woodard,Jessica.Woodard@small.com
480425,Albert,Dean,Albert.Dean@ward-owens.com
945512,Brian,Cobb,Brian.Cobb@brown.com
43272,Ashley,Hughes,Ashley.Hughes@morgan.com
161998,Courtney,Suarez,Courtney.Suarez@reynolds.info
227519,Thomas,Garcia,Thomas.Garcia@johnson-cruz.com
295407,Nathan,Frederick,Nathan.Frederick@grant-edwards.biz
432150,Susan,Jackson,Susan.Jackson@harris.com
793133,Melissa,Vazquez,Melissa.Vazquez@jones.biz
281246,Candace,Carrillo,Candace.Carrillo@evans.net
281103,William,Klein,William.Klein@mills.info
450785,Clayton,Clark,Clayton.Clark@jackson-sanchez.org
253939,Amanda,Mejia,Amanda.Mejia@fisher.org
890309,Claudia,Middleton,Claudia.Middleton@palmer.com
790571,Andrew,Whitaker,Andrew.Whitaker@mcdonald.org
275737,Juan,Gamble,Juan.Gamble@carson.com
689959,Kelly,Daniels,Kelly.Daniels@campbell.net
480075,Jill,Davis,Jill.Davis@williams-woods.com
924997,Rebekah,Figueroa,Rebekah.Figueroa@woodard-moore.com
733298,Rachel,Bailey,Rachel.Bailey@krueger.com
130253,Erik,Cunningham,Erik.Cunningham@callahan.com
201475,Jose,Cooper,Jose.Cooper@chandler-davis.info
584589,Brian,Kelly,Brian.Kelly@hicks-rice.com
816125,Katherine,Smith,Katherine.Smith@guzman-harris.info
66485,Noah,Mccoy,Noah.Mccoy@lee.org
405034,Gloria,Howard,Gloria.Howard@pope.org
263363,Kimberly,Harrington,Kimberly.Harrington@perry-vasquez.org
275599,Rachel,Kelley,Rachel.Kelley@wilson.com
651589,Kyle,Graham,Kyle.Graham@henderson.org
577596,Angela,Ortiz,Angela.Ortiz@hudson-garcia.com
915819,Robert,Smith,Robert.Smith@duffy.net
346993,Margaret,Todd,Margaret.Todd@valdez-martinez.com
124426,Jerry,Roth,Jerry.Roth@mayer-dixon.com
797435,Richard,Stone,Richard.Stone@brady.biz
915570,Justin,Flores,Justin.Flores@noble.com
682497,Luis,Dyer,Luis.Dyer@turner-reynolds.org
743287,Tonya,Weber,Tonya.Weber@potter.com
728202,Jacob,Cortez,Jacob.Cortez@ross.biz
49948,Tammie,Young,Tammie.Young@moore-bailey.com
302543,Dylan,Barrera,Dylan.Barrera@jackson-bolton.com
808951,Scott,Johnston,Scott.Johnston@mcneil.com
795179,Nancy,Mercado,Nancy.Mercado@clark-curtis.com
234822,Philip,Garcia,Philip.Garcia@solis.net
871228,Jasmin,Cohen,Jasmin.Cohen@adkins-perez.com
941069,Charlotte,Hall,Charlotte.Hall@watts-taylor.org
295644,Anthony,Park,Anthony.Park@benton.com
228508,Kimberly,Gutierrez,Kimberly.Gutierrez@diaz-nichols.net
941886,Jessica,Zamora,Jessica.Zamora@harris-miller.info
458224,Amanda,Skinner,Amanda.Skinner@norton.com
780240,Tony,Barajas,Tony.Barajas@johnson.com
564228,Deanna,Leonard,Deanna.Leonard@castro.com
290199,Joseph,Campos,Joseph.Campos@mcdonald-watts.info
877299,Kristina,Smith,Kristina.Smith@reynolds-lawson.com
564214,Jessica,Randall,Jessica.Randall@hines.info
918661,Lynn,Mitchell,Lynn.Mitchell@lee.com
726917,Matthew,Jones,Matthew.Jones@morales.com
976419,Teresa,Tran,Teresa.Tran@collier.org
701088,Michael,Smith,Michael.Smith@barnes-foster.com
620980,John,Payne,John.Payne@lambert.com
607385,Susan,Bailey,Susan.Bailey@weber-johnson.org
664674,Thomas,Miller,Thomas.Miller@harrell.com
654065,Alexander,Ryan,Alexander.Ryan@cantrell.com
446676,Eric,Peterson,Eric.Peterson@martinez.org
413155,Nathan,Wilson,Nathan.Wilson@vance-sanford.com
154942,Christine,Williams,Christine.Williams@dennis.com
261872,Jerry,Hunt,Jerry.Hunt@williams.com
756640,Logan,Le,Logan.Le@garcia.biz
971081,Brianna,Garcia,Brianna.Garcia@tanner.net
509970,Tracey,Harrell,Tracey.Harrell@fry-henderson.com
848065,Dawn,Bell,Dawn.Bell@diaz.com
288541,Nicole,Graves,Nicole.Graves@vargas.com
937472,Martha,Thompson,Martha.Thompson@nguyen.net
958519,Julie,Thompson,Julie.Thompson@flores.org
667564,Patrick,Walsh,Patrick.Walsh@hickman.biz
459670,Deborah,Mason,Deborah.Mason@mitchell.biz
791437,Jason,Rogers,Jason.Rogers@harmon-crawford.com
237389,Allison,Henderson,Allison.Henderson@lee-rivera.biz
867763,Tracy,Hill,Tracy.Hill@campos-brown.net
508201,Denise,Cox,Denise.Cox@mclaughlin.com
990917,Carlos,Lawson,Carlos.Lawson@young-daniels.com
536825,Tracy,Good,Tracy.Good@lang.com
470505,Tanya,Griffin,Tanya.Griffin@coleman.org
570320,Norman,Phillips,Norman.Phillips@johnson-reed.com
880264,Ronald,Adkins,Ronald.Adkins@curtis.com
202321,Beth,Wiggins,Beth.Wiggins@kerr.com
38347,Kimberly,Morales,Kimberly.Morales@lee.org
123388,Shannon,Gaines,Shannon.Gaines@long.biz
492801,James,Barrett,James.Barrett@padilla-rice.org
850897,Emily,Butler,Emily.Butler@jones.com
456116,David,Burke,David.Burke@holmes.com
358733,Mark,Ray,Mark.Ray@robles.info
334271,Joseph,Perez,Joseph.Perez@guzman-miller.org
385785,David,Gray,David.Gray@wilkinson.org
462907,Roberto,Le,Roberto.Le@mcdonald-page.net
145968,Kimberly,Ayers,Kimberly.Ayers@cruz-pennington.com
326962,David,Maxwell,David.Maxwell@gates.info
465471,Angel,Gonzalez,Angel.Gonzalez@greene-mendoza.biz
564659,James,Simpson,James.Simpson@taylor.com
115493,Debbie,Carpenter,Debbie.Carpenter@lynch.com
196930,Michael,Parker,Michael.Parker@santos.com
92029,Juan,Bates,Juan.Bates@knight-kennedy.com
146870,Jamie,Miller,Jamie.Miller@brooks-harrison.biz
231894,Keith,Nash,Keith.Nash@perkins-jones.com
704469,Roy,Cardenas,Roy.Cardenas@fischer.com
4627,Isaac,Carson,Isaac.Carson@burns.com
325009,Jacqueline,Gay,Jacqueline.Gay@wright.com
990439,Peggy,Roberts,Peggy.Roberts@sullivan-powers.org
637559,Ruben,Fox,Ruben.Fox@poole-mcbride.com
46240,Christopher,Jones,Christopher.Jones@johnson.net
1168,Roger,Figueroa,Roger.Figueroa@schmitt-white.com
635515,Paula,Smith,Paula.Smith@mckenzie.com
755161,James,Mcdowell,James.Mcdowell@nixon.com
50601,Brooke,Phillips,Brooke.Phillips@armstrong.net
365226,Tonya,Short,Tonya.Short@king-baker.net
892620,Alexander,Wagner,Alexander.Wagner@winters.org
534908,Judith,Harvey,Judith.Harvey@elliott.net
346309,Gregory,Hall,Gregory.Hall@archer.info
562148,Christopher,Sharp,Christopher.Sharp@galvan.com
213280,Lisa,Frazier,Lisa.Frazier@bowman.com
314983,Deanna,Flynn,Deanna.Flynn@morgan-austin.org
556317,Brooke,Barrett,Brooke.Barrett@hunter-sullivan.com
684937,Kimberly,Miller,Kimberly.Miller@hardy-johnson.com
315199,Kevin,Hayes,Kevin.Hayes@burke.com
115929,Mark,Frost,Mark.Frost@scott.net
251812,Tony,Williams,Tony.Williams@foster.org
137255,Michele,Sanders,Michele.Sanders@martin.info
17567,Morgan,Bell,Morgan.Bell@anderson.com
687033,Melissa,Jones,Melissa.Jones@hudson-bell.com
743297,Allen,Perez,Allen.Perez@ross.com
737314,William,Adkins,William.Adkins@middleton-mcdonald.com
438677,Debbie,Mercado,Debbie.Mercado@rice-baker.com
291197,Daniel,Wilson,Daniel.Wilson@buck.org
397251,Joseph,Marks,Joseph.Marks@cross.com
490505,Stephanie,Brown,Stephanie.Brown@evans-harmon.net
802362,Linda,Wilkins,Linda.Wilkins@williams.com
194184,Kim,Perez,Kim.Perez@frazier-miller.com
280408,Anthony,Terry,Anthony.Terry@jones.com
669787,Ann,Daniel,Ann.Daniel@johnson.com
757562,Ryan,Rojas,Ryan.Rojas@williams.info
199242,Robert,Moore,Robert.Moore@brown.com
81594,Terri,Serrano,Terri.Serrano@carpenter-castillo.com
339047,Ashley,Harris,Ashley.Harris@wyatt.com
723849,Travis,Williams,Travis.Williams@morales-johnson.biz
110610,Melissa,Norton,Melissa.Norton@campbell.info
507830,Lindsay,Russell,Lindsay.Russell@powers.net
593158,Juan,Cole,Juan.Cole@francis.com
255059,Pamela,Johnson,Pamela.Johnson@ford.biz
142307,Christopher,Hanson,Christopher.Hanson@lozano-parker.com
531867,Kristine,Hill,Kristine.Hill@hernandez.net
737359,Sarah,Hughes,Sarah.Hughes@morris-hayes.info
379234,Mallory,Johnston,Mallory.Johnston@may.net
66634,Charles,Turner,Charles.Turner@bartlett.org
356631,Arthur,Cole,Arthur.Cole@hernandez-castillo.com
957530,Jessica,Hawkins,Jessica.Hawkins@stewart.org
641014,Ann,Gibson,Ann.Gibson@kent-cruz.com
741988,Steve,Singh,Steve.Singh@marshall-coleman.org
681133,Ashley,Johnson,Ashley.Johnson@cole.com
530524,Andre,Mcdonald,Andre.Mcdonald@thompson.com
786125,Robert,Ferguson,Robert.Ferguson@washington.com
524589,Jason,Jenkins,Jason.Jenkins@wood-brooks.com
87310,Mark,Long,Mark.Long@blair.org
693330,David,Smith,David.Smith@rios.net
519222,Oscar,Mendez,Oscar.Mendez@stephens-morgan.com
268002,Michael,Phelps,Michael.Phelps@harrison.com
497689,Michelle,Taylor,Michelle.Taylor@parrish-ingram.com
188926,Sharon,Moore,Sharon.Moore@brewer.com
45245,Eugene,Lopez,Eugene.Lopez@cain-esparza.biz
57601,Zachary,Taylor,Zachary.Taylor@wright.biz
379663,James,Martin,James.Martin@briggs.net
386749,Donald,Anthony,Donald.Anthony@blake.com
151336,Patricia,Flores,Patricia.Flores@harris-mitchell.com
891502,Christopher,Logan,Christopher.Logan@nguyen-moore.com
648583,Brittany,Martinez,Brittany.Martinez@lee-davis.info
330805,Steven,Wilson,Steven.Wilson@mckee.com
828844,Beth,Thompson,Beth.Thompson@hodge-sutton.com
322478,Michele,Joseph,Michele.Joseph@ellis.biz
356783,Laurie,West,Laurie.West@conrad.com
302623,Eric,Rhodes,Eric.Rhodes@dixon-robinson.net
101682,Ryan,Jimenez,Ryan.Jimenez@smith.biz
618798,Cindy,Holland,Cindy.Holland@allison.info
384960,Cynthia,Baker,Cynthia.Baker@bryant.biz
488623,Stephen,Thomas,Stephen.Thomas@perry-carter.net
461960,Kevin,Montgomery,Kevin.Montgomery@stephens-white.com
365078,Julie,Brown,Julie.Brown@nelson-fitzgerald.com
511960,Jimmy,Bush,Jimmy.Bush@young.info
204712,Jeremy,Peterson,Jeremy.Peterson@brooks.com
691822,Lucas,Shepard,Lucas.Shepard@kim.org
571589,Rebecca,Torres,Rebecca.Torres@lane.com
137806,Diana,Duffy,Diana.Duffy@andrews.com
829824,Brandy,Johnson,Brandy.Johnson@glenn.com
333526,Megan,Evans,Megan.Evans@miller.com
721746,Daniel,Crawford,Daniel.Crawford@dominguez.com
712809,Christina,Garrett,Christina.Garrett@clay.com
512461,Robert,Burns,Robert.Burns@rodriguez.com
809423,Norma,Brown,Norma.Brown@crawford-manning.com
28701,Johnathan,Allen,Johnathan.Allen@gaines-lee.com
658934,Molly,Andrade,Molly.Andrade@fox.com
419482,Teresa,Foster,Teresa.Foster@johnson-trujillo.com
265304,Kyle,Love,Kyle.Love@prince-friedman.com
730565,Melissa,Davis,Melissa.Davis@powers.org
232744,James,Bass,James.Bass@ferrell.com
833269,Craig,Silva,Craig.Silva@jones.net
167929,Lisa,Hunt,Lisa.Hunt@guzman.com
903865,Mary,Nichols,Mary.Nichols@massey.info
461536,Daniel,Scott,Daniel.Scott@scott.com
550993,Debra,Mccoy,Debra.Mccoy@anderson.com
991908,Scott,Garrett,Scott.Garrett@holland-rivas.com
251207,Cynthia,Burns,Cynthia.Burns@ray-west.com
293136,Stacy,Miller,Stacy.Miller@stafford.com
732677,Anthony,Rivas,Anthony.Rivas@glenn-burch.com
673252,Robert,Humphrey,Robert.Humphrey@johnson.com
960238,Kelly,Fisher,Kelly.Fisher@jones.com
404717,Heather,Clark,Heather.Clark@elliott.com
194292,Karl,Richard,Karl.Richard@smith.com
988178,Heather,Mendez,Heather.Mendez@campbell.com
298648,Shane,Padilla,Shane.Padilla@ballard.com
705470,Melissa,Duran,Melissa.Duran@hahn.com
366854,Austin,Hammond,Austin.Hammond@donovan.biz
990237,Julia,Graham,Julia.Graham@moyer.com
265527,Charles,Mitchell,Charles.Mitchell@hall.com
588889,Mary,Poole,Mary.Poole@serrano.info
155033,Diane,Jones,Diane.Jones@phillips-klein.com
914260,Vanessa,Jackson,Vanessa.Jackson@graves-garcia.com
778414,Mason,Jones,Mason.Jones@stevenson-lewis.com
436014,Kenneth,Lester,Kenneth.Lester@mitchell-smith.com
551546,Anna,Chandler,Anna.Chandler@thomas-smith.info
225142,Rachel,Miller,Rachel.Miller@soto.com
387814,Christopher,Fowler,Christopher.Fowler@henderson.com
497740,Amanda,Vaughn,Amanda.Vaughn@rodriguez.net
543434,Stephen,Berger,Stephen.Berger@allen.com
718676,David,Sandoval,David.Sandoval@king.info
499593,Thomas,Wheeler,Thomas.Wheeler@scott.com
995944,Shawn,Gray,Shawn.Gray@boyer.biz
522220,Jordan,Stafford,Jordan.Stafford@schmidt.biz
932519,Julia,Bartlett,Julia.Bartlett@harris.net
418716,Samantha,Johnson,Samantha.Johnson@brown.com
100469,Jeremiah,Cole,Jeremiah.Cole@foster-klein.com
525525,Heather,Dunlap,Heather.Dunlap@williamson.com
596889,Taylor,Copeland,Taylor.Copeland@thomas.com
778772,Nancy,Henry,Nancy.Henry@grimes.biz
263231,Erin,Finley,Erin.Finley@hale.biz
668277,Justin,Carter,Justin.Carter@walker-martinez.com
516117,Veronica,Rodriguez,Veronica.Rodriguez@johnson.org
455052,Jeanette,Sanders,Jeanette.Sanders@estrada.com
